date,coin,price
2026-01-12 00:00:00,bitcoin,90819.36598904192
2026-01-13 00:00:00,bitcoin,91134.96917951507
2026-01-14 00:00:00,bitcoin,95260.4422971001
2026-01-15 00:00:00,bitcoin,97007.78078881276
2026-01-16 00:00:00,bitcoin,95584.82797878512
2026-01-17 00:00:00,bitcoin,95516.07771987123
2026-01-18 00:00:00,bitcoin,95099.53192554631
2026-01-19 00:00:00,bitcoin,93752.70577188236
2026-01-20 00:00:00,bitcoin,92558.46334372147
2026-01-21 00:00:00,bitcoin,88312.84053255555
2026-01-22 00:00:00,bitcoin,89354.34377512129
2026-01-23 00:00:00,bitcoin,89443.39744146909
2026-01-24 00:00:00,bitcoin,89412.39849953113
2026-01-25 00:00:00,bitcoin,89170.87364531498
2026-01-26 00:00:00,bitcoin,86548.32213469829
2026-01-27 00:00:00,bitcoin,88307.8612070438
2026-01-28 00:00:00,bitcoin,89204.22239644526
2026-01-29 00:00:00,bitcoin,89162.09701574955
2026-01-30 00:00:00,bitcoin,84570.40906135936
2026-01-31 00:00:00,bitcoin,84141.77856967277
2026-02-01 00:00:00,bitcoin,78725.85853884545
2026-02-02 00:00:00,bitcoin,76937.06406636834
2026-02-03 00:00:00,bitcoin,78767.65815345927
2026-02-04 00:00:00,bitcoin,75638.95670207398
2026-02-05 00:00:00,bitcoin,73172.29203248928
2026-02-06 00:00:00,bitcoin,62853.69038445987
2026-02-07 00:00:00,bitcoin,70523.95417035831
2026-02-08 00:00:00,bitcoin,69296.80677355142
2026-02-09 00:00:00,bitcoin,70542.37329463876
2026-02-10 00:00:00,bitcoin,70096.40692272567
2026-02-11 00:00:00,bitcoin,68779.90981269129
2026-02-12 00:00:00,bitcoin,66937.58141157958
2026-02-13 00:00:00,bitcoin,66184.57765470445
2026-02-14 00:00:00,bitcoin,68838.87490510389
2026-02-15 00:00:00,bitcoin,69765.59638824302
2026-02-16 00:00:00,bitcoin,68716.58337486399
2026-02-17 00:00:00,bitcoin,68907.78353606178
2026-02-18 00:00:00,bitcoin,67489.45540267964
2026-02-19 00:00:00,bitcoin,66456.3537620677
2026-02-20 00:00:00,bitcoin,66918.68417467622
2026-02-21 00:00:00,bitcoin,67970.29403133177
2026-02-22 00:00:00,bitcoin,67977.90904199042
2026-02-23 00:00:00,bitcoin,67585.11718938159
2026-02-24 00:00:00,bitcoin,64577.553200674425
2026-02-25 00:00:00,bitcoin,64074.11098528222
2026-02-26 00:00:00,bitcoin,67947.39185585188
2026-02-27 00:00:00,bitcoin,67469.06040327046
2026-02-28 00:00:00,bitcoin,65883.99096235317
2026-03-01 00:00:00,bitcoin,67008.45435746174
2026-03-02 00:00:00,bitcoin,65713.4989891121
2026-03-03 00:00:00,bitcoin,68864.03691918531
2026-03-04 00:00:00,bitcoin,68321.6178484252
2026-03-05 00:00:00,bitcoin,72669.7701652216
2026-03-06 00:00:00,bitcoin,70874.98687140146
2026-03-07 00:00:00,bitcoin,68148.28339966535
2026-03-08 00:00:00,bitcoin,67271.1907777184
2026-03-09 00:00:00,bitcoin,66036.15782362667
2026-03-10 00:00:00,bitcoin,68459.31537095344
2026-03-11 00:00:00,bitcoin,69883.00887579883
2026-03-12 00:00:00,bitcoin,70226.818790692
2026-03-13 00:00:00,bitcoin,70544.42535461926
2026-03-14 00:00:00,bitcoin,70965.28228600459
2026-03-15 00:00:00,bitcoin,71217.1010283798
2026-03-16 00:00:00,bitcoin,72681.9132538886
2026-03-17 00:00:00,bitcoin,74858.14870100339
2026-03-18 00:00:00,bitcoin,73926.27899152413
2026-03-19 00:00:00,bitcoin,71255.86350265636
2026-03-20 00:00:00,bitcoin,69871.4514796119
2026-03-21 00:00:00,bitcoin,70552.62530009366
2026-03-22 00:00:00,bitcoin,68733.54779458739
2026-03-23 00:00:00,bitcoin,67848.87605821833
2026-03-24 00:00:00,bitcoin,70892.82823994374
2026-03-25 00:00:00,bitcoin,70524.51175942823
2026-03-26 00:00:00,bitcoin,71309.26403856269
2026-03-27 00:00:00,bitcoin,68791.11093800364
2026-03-28 00:00:00,bitcoin,66321.016242762
2026-03-29 00:00:00,bitcoin,66321.06539994745
2026-03-30 00:00:00,bitcoin,65970.42899513361
2026-03-31 00:00:00,bitcoin,66699.27436893585
2026-04-01 00:00:00,bitcoin,68231.83047993251
2026-04-02 00:00:00,bitcoin,68089.0553821667
2026-04-03 00:00:00,bitcoin,66891.6645686824
2026-04-04 00:00:00,bitcoin,66939.69121715311
2026-04-05 00:00:00,bitcoin,67304.24955635444
2026-04-06 00:00:00,bitcoin,68985.52642694542
2026-04-07 00:00:00,bitcoin,68864.23452757328
2026-04-08 00:00:00,bitcoin,71975.62171045873
2026-04-09 00:00:00,bitcoin,71117.07713411814
2026-04-10 00:00:00,bitcoin,71770.7468500515
2026-04-11 00:00:00,bitcoin,72972.70823557042
2026-04-12 00:00:00,bitcoin,73053.88808483821
2026-04-13 00:00:00,bitcoin,70756.75105500016
2026-04-14 00:00:00,bitcoin,74514.63006655
2026-04-15 00:00:00,bitcoin,74181.10807228928
2026-04-16 00:00:00,bitcoin,74833.50639132406
2026-04-17 00:00:00,bitcoin,75149.1930221427
2026-04-18 00:00:00,bitcoin,77128.44334858148
2026-04-19 00:00:00,bitcoin,75728.45681761758
2026-04-20 00:00:00,bitcoin,73856.05501487634
2026-04-21 00:00:00,bitcoin,75874.54629352967
2026-04-22 00:00:00,bitcoin,76350.25202878818
2026-04-23 00:00:00,bitcoin,78194.78334884858
2026-04-24 00:00:00,bitcoin,78260.61998045091
2026-04-25 00:00:00,bitcoin,77444.79563692068
2026-04-26 00:00:00,bitcoin,77619.14219872655
2026-04-27 00:00:00,bitcoin,78645.12560170851
2026-04-28 00:00:00,bitcoin,77361.29911038803
2026-04-29 00:00:00,bitcoin,76345.22521002527
2026-04-30 00:00:00,bitcoin,75774.8855230121
2026-05-01 00:00:00,bitcoin,76286.57710950871
2026-05-02 00:00:00,bitcoin,78172.07422147921
2026-05-03 00:00:00,bitcoin,78655.34555331903
2026-05-04 00:00:00,bitcoin,78562.55051754859
2026-05-05 00:00:00,bitcoin,79823.88555955577
2026-05-06 00:00:00,bitcoin,80925.09365495079
2026-05-07 00:00:00,bitcoin,81424.99515650333
2026-05-08 00:00:00,bitcoin,80022.04125006415
2026-05-09 00:00:00,bitcoin,80189.06503567853
2026-05-10 00:00:00,bitcoin,80678.03394296461
2026-05-11 00:00:00,bitcoin,82145.65606759128
2026-05-11 08:49:41,bitcoin,80813.3061951614
2026-01-12 00:00:00,ethereum,3119.3619360372772
2026-01-13 00:00:00,ethereum,3090.2827206647894
2026-01-14 00:00:00,ethereum,3319.9354070565078
2026-01-15 00:00:00,ethereum,3356.4964063628336
2026-01-16 00:00:00,ethereum,3318.2037023491666
2026-01-17 00:00:00,ethereum,3296.062650076136
2026-01-18 00:00:00,ethereum,3306.8712226908783
2026-01-19 00:00:00,ethereum,3284.3194316465483
2026-01-20 00:00:00,ethereum,3185.6644636922747
2026-01-21 00:00:00,ethereum,2935.6234193160412
2026-01-22 00:00:00,ethereum,2976.0491465641335
2026-01-23 00:00:00,ethereum,2948.277889615024
2026-01-24 00:00:00,ethereum,2950.9128485703054
2026-01-25 00:00:00,ethereum,2949.197384616335
2026-01-26 00:00:00,ethereum,2814.1853835458546
2026-01-27 00:00:00,ethereum,2927.836546921288
2026-01-28 00:00:00,ethereum,3021.091516998928
2026-01-29 00:00:00,ethereum,3006.8071129555346
2026-01-30 00:00:00,ethereum,2818.817890220326
2026-01-31 00:00:00,ethereum,2702.40799526457
2026-02-01 00:00:00,ethereum,2443.9290245632774
2026-02-02 00:00:00,ethereum,2269.3288518651166
2026-02-03 00:00:00,ethereum,2344.512261445349
2026-02-04 00:00:00,ethereum,2226.985635575225
2026-02-05 00:00:00,ethereum,2152.0870116729375
2026-02-06 00:00:00,ethereum,1820.5693215574129
2026-02-07 00:00:00,ethereum,2060.7349645674162
2026-02-08 00:00:00,ethereum,2091.040353689534
2026-02-09 00:00:00,ethereum,2095.1305644770564
2026-02-10 00:00:00,ethereum,2104.4577921908335
2026-02-11 00:00:00,ethereum,2018.9237788543585
2026-02-12 00:00:00,ethereum,1939.4321739711042
2026-02-13 00:00:00,ethereum,1945.7351413092624
2026-02-14 00:00:00,ethereum,2047.3626742531244
2026-02-15 00:00:00,ethereum,2085.5236826118394
2026-02-16 00:00:00,ethereum,1963.9572853026268
2026-02-17 00:00:00,ethereum,2000.6104432030938
2026-02-18 00:00:00,ethereum,1992.004854467171
2026-02-19 00:00:00,ethereum,1954.7534951528544
2026-02-20 00:00:00,ethereum,1946.9092613594232
2026-02-21 00:00:00,ethereum,1967.8121148578189
2026-02-22 00:00:00,ethereum,1973.6643315860636
2026-02-23 00:00:00,ethereum,1954.1913563168575
2026-02-24 00:00:00,ethereum,1853.695790383818
2026-02-25 00:00:00,ethereum,1852.8102933693347
2026-02-26 00:00:00,ethereum,2053.1886740789387
2026-02-27 00:00:00,ethereum,2027.3015182289616
2026-02-28 00:00:00,ethereum,1931.3205870910035
2026-03-01 00:00:00,ethereum,1965.036620141305
2026-03-02 00:00:00,ethereum,1938.411487707785
2026-03-03 00:00:00,ethereum,2029.443994398502
2026-03-04 00:00:00,ethereum,1982.4582786533451
2026-03-05 00:00:00,ethereum,2125.8345858015964
2026-03-06 00:00:00,ethereum,2074.5222481851615
2026-03-07 00:00:00,ethereum,1980.7782841320018
2026-03-08 00:00:00,ethereum,1969.6937981965013
2026-03-09 00:00:00,ethereum,1938.6249253514961
2026-03-10 00:00:00,ethereum,1992.355228734493
2026-03-11 00:00:00,ethereum,2035.2089486782504
2026-03-12 00:00:00,ethereum,2051.7311684113824
2026-03-13 00:00:00,ethereum,2076.5162283684745
2026-03-14 00:00:00,ethereum,2093.00633968562
2026-03-15 00:00:00,ethereum,2096.556369062344
2026-03-16 00:00:00,ethereum,2175.059915408281
2026-03-17 00:00:00,ethereum,2351.172929558985
2026-03-18 00:00:00,ethereum,2318.1196031651903
2026-03-19 00:00:00,ethereum,2203.380058379178
2026-03-20 00:00:00,ethereum,2137.450038431429
2026-03-21 00:00:00,ethereum,2146.971987874902
2026-03-22 00:00:00,ethereum,2078.0492129718186
2026-03-23 00:00:00,ethereum,2053.1449566818205
2026-03-24 00:00:00,ethereum,2151.498274966905
2026-03-25 00:00:00,ethereum,2155.6817607237
2026-03-26 00:00:00,ethereum,2168.2595767488515
2026-03-27 00:00:00,ethereum,2059.332619583916
2026-03-28 00:00:00,ethereum,1991.9001004362854
2026-03-29 00:00:00,ethereum,1992.7681119939894
2026-03-30 00:00:00,ethereum,1983.184167632635
2026-03-31 00:00:00,ethereum,2023.82401658508
2026-04-01 00:00:00,ethereum,2104.8765857093113
2026-04-02 00:00:00,ethereum,2139.0578887146285
2026-04-03 00:00:00,ethereum,2056.8902960008427
2026-04-04 00:00:00,ethereum,2053.6088145168164
2026-04-05 00:00:00,ethereum,2064.9940579142453
2026-04-06 00:00:00,ethereum,2109.005555869251
2026-04-07 00:00:00,ethereum,2107.828320222534
2026-04-08 00:00:00,ethereum,2241.8159903072574
2026-04-09 00:00:00,ethereum,2190.478568186725
2026-04-10 00:00:00,ethereum,2188.9744265525896
2026-04-11 00:00:00,ethereum,2245.0457222392993
2026-04-12 00:00:00,ethereum,2285.4701387600003
2026-04-13 00:00:00,ethereum,2192.1608453362987
2026-04-14 00:00:00,ethereum,2371.8632958349403
2026-04-15 00:00:00,ethereum,2323.217827319875
2026-04-16 00:00:00,ethereum,2359.683410161545
2026-04-17 00:00:00,ethereum,2348.7047080527386
2026-04-18 00:00:00,ethereum,2421.00695362286
2026-04-19 00:00:00,ethereum,2350.9360042357484
2026-04-20 00:00:00,ethereum,2264.8143990219965
2026-04-21 00:00:00,ethereum,2315.024147296644
2026-04-22 00:00:00,ethereum,2327.5116327297133
2026-04-23 00:00:00,ethereum,2377.9343971512685
2026-04-24 00:00:00,ethereum,2330.8275816492055
2026-04-25 00:00:00,ethereum,2315.512435446713
2026-04-26 00:00:00,ethereum,2319.1503239938397
2026-04-27 00:00:00,ethereum,2369.743028837697
2026-04-28 00:00:00,ethereum,2299.7704586966606
2026-04-29 00:00:00,ethereum,2288.0449269490086
2026-04-30 00:00:00,ethereum,2253.4583579638706
2026-05-01 00:00:00,ethereum,2255.980291785015
2026-05-02 00:00:00,ethereum,2294.6636890449554
2026-05-03 00:00:00,ethereum,2316.3293345288466
2026-05-04 00:00:00,ethereum,2324.133330261142
2026-05-05 00:00:00,ethereum,2345.9956663961593
2026-05-06 00:00:00,ethereum,2361.0857066652707
2026-05-07 00:00:00,ethereum,2350.4781193929102
2026-05-08 00:00:00,ethereum,2291.184888890017
2026-05-09 00:00:00,ethereum,2306.8311830289026
2026-05-10 00:00:00,ethereum,2326.4573018792307
2026-05-11 00:00:00,ethereum,2368.837665726271
2026-05-11 08:49:46,ethereum,2332.890296723532
2026-01-12 00:00:00,tether,0.9986722833366012
2026-01-13 00:00:00,tether,0.9989061546969549
2026-01-14 00:00:00,tether,0.999590698812193
2026-01-15 00:00:00,tether,0.9999649191311663
2026-01-16 00:00:00,tether,0.999724541665556
2026-01-17 00:00:00,tether,0.9996022336202626
2026-01-18 00:00:00,tether,0.9996410363945221
2026-01-19 00:00:00,tether,0.9996290977580051
2026-01-20 00:00:00,tether,0.9993594339116765
2026-01-21 00:00:00,tether,0.9988487030723944
2026-01-22 00:00:00,tether,0.9991305081309328
2026-01-23 00:00:00,tether,0.9990496724620155
2026-01-24 00:00:00,tether,0.998778892989168
2026-01-25 00:00:00,tether,0.9985569101355587
2026-01-26 00:00:00,tether,0.9989948541177421
2026-01-27 00:00:00,tether,0.9989547535101524
2026-01-28 00:00:00,tether,0.9986909091346773
2026-01-29 00:00:00,tether,0.9985417486852866
2026-01-30 00:00:00,tether,0.9984872795552621
2026-01-31 00:00:00,tether,0.9985230477227056
2026-02-01 00:00:00,tether,0.9989497615329074
2026-02-02 00:00:00,tether,0.9989392888486452
2026-02-03 00:00:00,tether,0.9992001010087601
2026-02-04 00:00:00,tether,0.9987167613016705
2026-02-05 00:00:00,tether,0.9979612681080594
2026-02-06 00:00:00,tether,0.9982250428285866
2026-02-07 00:00:00,tether,0.9993888421960845
2026-02-08 00:00:00,tether,0.9994305117681377
2026-02-09 00:00:00,tether,0.999499498559742
2026-02-10 00:00:00,tether,0.9995763421525862
2026-02-11 00:00:00,tether,0.9994983972219773
2026-02-12 00:00:00,tether,0.9994115981365723
2026-02-13 00:00:00,tether,0.999346447755714
2026-02-14 00:00:00,tether,0.999526705546248
2026-02-15 00:00:00,tether,0.9996671716102811
2026-02-16 00:00:00,tether,0.9995907413979994
2026-02-17 00:00:00,tether,0.9996299905566526
2026-02-18 00:00:00,tether,0.9996560408199576
2026-02-19 00:00:00,tether,0.9996612869116703
2026-02-20 00:00:00,tether,0.9996645344960943
2026-02-21 00:00:00,tether,0.9996107557292512
2026-02-22 00:00:00,tether,0.9997716894518883
2026-02-23 00:00:00,tether,0.9996113662285153
2026-02-24 00:00:00,tether,0.9997189462103195
2026-02-25 00:00:00,tether,1.0000583892729342
2026-02-26 00:00:00,tether,1.0001858815580689
2026-02-27 00:00:00,tether,1.0000449542644683
2026-02-28 00:00:00,tether,1.0000379974136187
2026-03-01 00:00:00,tether,1.0003547856985877
2026-03-02 00:00:00,tether,1.0000489255310072
2026-03-03 00:00:00,tether,1.000035599976023
2026-03-04 00:00:00,tether,1.0000336152572948
2026-03-05 00:00:00,tether,1.0001290807294116
2026-03-06 00:00:00,tether,1.000047151881986
2026-03-07 00:00:00,tether,0.9999596593304437
2026-03-08 00:00:00,tether,0.999979394830107
2026-03-09 00:00:00,tether,1.0000187244840877
2026-03-10 00:00:00,tether,1.000035923210783
2026-03-11 00:00:00,tether,1.0000168490151076
2026-03-12 00:00:00,tether,1.0000517587254645
2026-03-13 00:00:00,tether,0.9999523695965462
2026-03-14 00:00:00,tether,1.0000900040216567
2026-03-15 00:00:00,tether,1.0001415880465405
2026-03-16 00:00:00,tether,1.0001097507916341
2026-03-17 00:00:00,tether,1.000019771606636
2026-03-18 00:00:00,tether,1.0001758946865917
2026-03-19 00:00:00,tether,0.9999921589218256
2026-03-20 00:00:00,tether,1.0001271715337983
2026-03-21 00:00:00,tether,0.9998984155342372
2026-03-22 00:00:00,tether,0.9998006110538279
2026-03-23 00:00:00,tether,0.9997599806581059
2026-03-24 00:00:00,tether,0.9997280714604861
2026-03-25 00:00:00,tether,0.9995464025750291
2026-03-26 00:00:00,tether,0.9996158559527771
2026-03-27 00:00:00,tether,0.9993777608233682
2026-03-28 00:00:00,tether,0.9993090210116136
2026-03-29 00:00:00,tether,0.9992705593616054
2026-03-30 00:00:00,tether,0.9992400743545208
2026-03-31 00:00:00,tether,0.9992106628948578
2026-04-01 00:00:00,tether,0.9991033235488419
2026-04-02 00:00:00,tether,0.9998709253042358
2026-04-03 00:00:00,tether,0.9999692066117987
2026-04-04 00:00:00,tether,0.9998907119545611
2026-04-05 00:00:00,tether,0.9999481912545097
2026-04-06 00:00:00,tether,0.9996444370601621
2026-04-07 00:00:00,tether,0.9999504381512833
2026-04-08 00:00:00,tether,0.9998298565131113
2026-04-09 00:00:00,tether,1.000006769345285
2026-04-10 00:00:00,tether,0.999972350408578
2026-04-11 00:00:00,tether,1.0002738427080755
2026-04-12 00:00:00,tether,1.0002867204969805
2026-04-13 00:00:00,tether,1.000133221808943
2026-04-14 00:00:00,tether,1.0002696907099002
2026-04-15 00:00:00,tether,1.0003562372230053
2026-04-16 00:00:00,tether,1.0001582732288328
2026-04-17 00:00:00,tether,1.0001485402775412
2026-04-18 00:00:00,tether,1.0002620437009722
2026-04-19 00:00:00,tether,1.0002172992279033
2026-04-20 00:00:00,tether,1.000263826861404
2026-04-21 00:00:00,tether,1.0002535573598321
2026-04-22 00:00:00,tether,1.0002017029530261
2026-04-23 00:00:00,tether,1.0001994348859884
2026-04-24 00:00:00,tether,1.0002174988003734
2026-04-25 00:00:00,tether,1.0001945765530054
2026-04-26 00:00:00,tether,1.0002061396822974
2026-04-27 00:00:00,tether,1.0001466163052293
2026-04-28 00:00:00,tether,0.9999239497177308
2026-04-29 00:00:00,tether,0.9998047421690456
2026-04-30 00:00:00,tether,0.9995890298509891
2026-05-01 00:00:00,tether,0.999463087222366
2026-05-02 00:00:00,tether,0.9997837865348509
2026-05-03 00:00:00,tether,0.9998834741316421
2026-05-04 00:00:00,tether,0.9998028160166242
2026-05-05 00:00:00,tether,0.9998091734970451
2026-05-06 00:00:00,tether,0.9998388109467989
2026-05-07 00:00:00,tether,0.9998617741871155
2026-05-08 00:00:00,tether,0.9999104679773719
2026-05-09 00:00:00,tether,0.9999168754111455
2026-05-10 00:00:00,tether,0.9998031135444141
2026-05-11 00:00:00,tether,0.9998518827310346
2026-05-11 08:49:44,tether,0.9997357071464243
2026-01-12 00:00:00,ripple,2.0697438242842803
2026-01-13 00:00:00,ripple,2.0521552957803872
2026-01-14 00:00:00,ripple,2.1573149435015675
2026-01-15 00:00:00,ripple,2.139155616612297
2026-01-16 00:00:00,ripple,2.077452437224596
2026-01-17 00:00:00,ripple,2.068150596847967
2026-01-18 00:00:00,ripple,2.0617458056300615
2026-01-19 00:00:00,ripple,1.9952673135379637
2026-01-20 00:00:00,ripple,1.9884649839518649
2026-01-21 00:00:00,ripple,1.8875376220238804
2026-01-22 00:00:00,ripple,1.9437698220745168
2026-01-23 00:00:00,ripple,1.9204225104332826
2026-01-24 00:00:00,ripple,1.9194180431938297
2026-01-25 00:00:00,ripple,1.9133958344258726
2026-01-26 00:00:00,ripple,1.8327098897122869
2026-01-27 00:00:00,ripple,1.9041128051204959
2026-01-28 00:00:00,ripple,1.9156777360466681
2026-01-29 00:00:00,ripple,1.9072302990012404
2026-01-30 00:00:00,ripple,1.8050831186611875
2026-01-31 00:00:00,ripple,1.7327720854202893
2026-02-01 00:00:00,ripple,1.6436658882901531
2026-02-02 00:00:00,ripple,1.5944442621009838
2026-02-03 00:00:00,ripple,1.6206030260795774
2026-02-04 00:00:00,ripple,1.5725414380096223
2026-02-05 00:00:00,ripple,1.5170558553904752
2026-02-06 00:00:00,ripple,1.2161107578407648
2026-02-07 00:00:00,ripple,1.4690800575209597
2026-02-08 00:00:00,ripple,1.4252152762524186
2026-02-09 00:00:00,ripple,1.4349694710334944
2026-02-10 00:00:00,ripple,1.4388979885580568
2026-02-11 00:00:00,ripple,1.3997611232740155
2026-02-12 00:00:00,ripple,1.3675262189821478
2026-02-13 00:00:00,ripple,1.3613529875277222
2026-02-14 00:00:00,ripple,1.4061247435646491
2026-02-15 00:00:00,ripple,1.5088776181920487
2026-02-16 00:00:00,ripple,1.4735483047448346
2026-02-17 00:00:00,ripple,1.4879010843885696
2026-02-18 00:00:00,ripple,1.474786700621986
2026-02-19 00:00:00,ripple,1.419520653358989
2026-02-20 00:00:00,ripple,1.4067574969758219
2026-02-21 00:00:00,ripple,1.4287023447803144
2026-02-22 00:00:00,ripple,1.432313132610905
2026-02-23 00:00:00,ripple,1.3904201045692706
2026-02-24 00:00:00,ripple,1.3519972818018684
2026-02-25 00:00:00,ripple,1.3492712150693866
2026-02-26 00:00:00,ripple,1.4311778592275557
2026-02-27 00:00:00,ripple,1.4022343325428501
2026-02-28 00:00:00,ripple,1.3556513092141123
2026-03-01 00:00:00,ripple,1.3793327963811741
2026-03-02 00:00:00,ripple,1.3508353496044245
2026-03-03 00:00:00,ripple,1.3932878761648186
2026-03-04 00:00:00,ripple,1.36103107458941
2026-03-05 00:00:00,ripple,1.4304937640772049
2026-03-06 00:00:00,ripple,1.4033263588998717
2026-03-07 00:00:00,ripple,1.3637239392731317
2026-03-08 00:00:00,ripple,1.3564715576357889
2026-03-09 00:00:00,ripple,1.3422132871181114
2026-03-10 00:00:00,ripple,1.3620867880412773
2026-03-11 00:00:00,ripple,1.3859389773180206
2026-03-12 00:00:00,ripple,1.3852855424426591
2026-03-13 00:00:00,ripple,1.3856854223967114
2026-03-14 00:00:00,ripple,1.3984883653785558
2026-03-15 00:00:00,ripple,1.4060409016406614
2026-03-16 00:00:00,ripple,1.4471445690623825
2026-03-17 00:00:00,ripple,1.544548518991867
2026-03-18 00:00:00,ripple,1.518809913744032
2026-03-19 00:00:00,ripple,1.4635648455182177
2026-03-20 00:00:00,ripple,1.446907508513138
2026-03-21 00:00:00,ripple,1.4455066711696298
2026-03-22 00:00:00,ripple,1.4126521263383205
2026-03-23 00:00:00,ripple,1.3856763547929614
2026-03-24 00:00:00,ripple,1.4312128220885731
2026-03-25 00:00:00,ripple,1.4149642928635169
2026-03-26 00:00:00,ripple,1.4133478378773114
2026-03-27 00:00:00,ripple,1.3599141754843338
2026-03-28 00:00:00,ripple,1.3241937088535796
2026-03-29 00:00:00,ripple,1.332280277660629
2026-03-30 00:00:00,ripple,1.3269176580896753
2026-03-31 00:00:00,ripple,1.3222432322146085
2026-04-01 00:00:00,ripple,1.3396108818298649
2026-04-02 00:00:00,ripple,1.3481928710117392
2026-04-03 00:00:00,ripple,1.319127673601835
2026-04-04 00:00:00,ripple,1.3177591466741263
2026-04-05 00:00:00,ripple,1.314946138144583
2026-04-06 00:00:00,ripple,1.3246057207688182
2026-04-07 00:00:00,ripple,1.3208458204759403
2026-04-08 00:00:00,ripple,1.3795235137228608
2026-04-09 00:00:00,ripple,1.3427145062635897
2026-04-10 00:00:00,ripple,1.3440328831163328
2026-04-11 00:00:00,ripple,1.3560947005357682
2026-04-12 00:00:00,ripple,1.3553281609092545
2026-04-13 00:00:00,ripple,1.3249812807309078
2026-04-14 00:00:00,ripple,1.3762741402442993
2026-04-15 00:00:00,ripple,1.3621563908811436
2026-04-16 00:00:00,ripple,1.3919181738522768
2026-04-17 00:00:00,ripple,1.4528848734657374
2026-04-18 00:00:00,ripple,1.4771874378286678
2026-04-19 00:00:00,ripple,1.4326893859997356
2026-04-20 00:00:00,ripple,1.3937945514866021
2026-04-21 00:00:00,ripple,1.4249119694426158
2026-04-22 00:00:00,ripple,1.4307937655454137
2026-04-23 00:00:00,ripple,1.4295005907066773
2026-04-24 00:00:00,ripple,1.4392580892583027
2026-04-25 00:00:00,ripple,1.4336579400826786
2026-04-26 00:00:00,ripple,1.424167813647866
2026-04-27 00:00:00,ripple,1.430589085616945
2026-04-28 00:00:00,ripple,1.3999210081463844
2026-04-29 00:00:00,ripple,1.3806314905402015
2026-04-30 00:00:00,ripple,1.3689277278717773
2026-05-01 00:00:00,ripple,1.367208337121078
2026-05-02 00:00:00,ripple,1.3838904755333907
2026-05-03 00:00:00,ripple,1.3931173850654426
2026-05-04 00:00:00,ripple,1.3878234011675865
2026-05-05 00:00:00,ripple,1.391029606587131
2026-05-06 00:00:00,ripple,1.4132184614452523
2026-05-07 00:00:00,ripple,1.4243398335098605
2026-05-08 00:00:00,ripple,1.3872214902297884
2026-05-09 00:00:00,ripple,1.4180410974399702
2026-05-10 00:00:00,ripple,1.4201615402766603
2026-05-11 00:00:00,ripple,1.4731742231570002
2026-05-11 08:49:46,ripple,1.4468832401000202
2026-01-12 00:00:00,binancecoin,902.7664964152219
2026-01-13 00:00:00,binancecoin,905.5295124491013
2026-01-14 00:00:00,binancecoin,942.4122356291538
2026-01-15 00:00:00,binancecoin,949.0987145957889
2026-01-16 00:00:00,binancecoin,930.8892064404015
2026-01-17 00:00:00,binancecoin,937.687896295784
2026-01-18 00:00:00,binancecoin,946.9959081738135
2026-01-19 00:00:00,binancecoin,933.8079144307845
2026-01-20 00:00:00,binancecoin,922.3076030339913
2026-01-21 00:00:00,binancecoin,884.4648847958442
2026-01-22 00:00:00,binancecoin,882.3554922284878
2026-01-23 00:00:00,binancecoin,886.8801866366052
2026-01-24 00:00:00,binancecoin,890.5047011445338
2026-01-25 00:00:00,binancecoin,886.0721909071814
2026-01-26 00:00:00,binancecoin,864.4439519225823
2026-01-27 00:00:00,binancecoin,878.6274796967367
2026-01-28 00:00:00,binancecoin,897.6724320123695
2026-01-29 00:00:00,binancecoin,901.2090745596357
2026-01-30 00:00:00,binancecoin,867.7347946909455
2026-01-31 00:00:00,binancecoin,857.3699420639612
2026-02-01 00:00:00,binancecoin,780.3315668159182
2026-02-02 00:00:00,binancecoin,757.9446598202101
2026-02-03 00:00:00,binancecoin,775.3120806273045
2026-02-04 00:00:00,binancecoin,753.6152462766961
2026-02-05 00:00:00,binancecoin,699.2319544532423
2026-02-06 00:00:00,binancecoin,604.901963859174
2026-02-07 00:00:00,binancecoin,657.306655291851
2026-02-08 00:00:00,binancecoin,647.57171670411
2026-02-09 00:00:00,binancecoin,641.3063396421284
2026-02-10 00:00:00,binancecoin,636.158470811873
2026-02-11 00:00:00,binancecoin,619.5022534339905
2026-02-12 00:00:00,binancecoin,607.0100650556328
2026-02-13 00:00:00,binancecoin,613.5884218776979
2026-02-14 00:00:00,binancecoin,618.6972942245542
2026-02-15 00:00:00,binancecoin,633.314654350795
2026-02-16 00:00:00,binancecoin,614.2781615559984
2026-02-17 00:00:00,binancecoin,626.9455367382164
2026-02-18 00:00:00,binancecoin,617.5002211755236
2026-02-19 00:00:00,binancecoin,604.7780192707222
2026-02-20 00:00:00,binancecoin,607.1450788289527
2026-02-21 00:00:00,binancecoin,625.1658113899997
2026-02-22 00:00:00,binancecoin,625.9459360696097
2026-02-23 00:00:00,binancecoin,614.0943323849417
2026-02-24 00:00:00,binancecoin,595.841177275929
2026-02-25 00:00:00,binancecoin,583.919821904656
2026-02-26 00:00:00,binancecoin,628.2228200794851
2026-02-27 00:00:00,binancecoin,625.9211039706134
2026-02-28 00:00:00,binancecoin,613.9686612193877
2026-03-01 00:00:00,binancecoin,617.5322050027751
2026-03-02 00:00:00,binancecoin,616.8269097979393
2026-03-03 00:00:00,binancecoin,637.4936332653224
2026-03-04 00:00:00,binancecoin,633.9153172943332
2026-03-05 00:00:00,binancecoin,657.5355575822484
2026-03-06 00:00:00,binancecoin,647.8545990969939
2026-03-07 00:00:00,binancecoin,627.3743722428251
2026-03-08 00:00:00,binancecoin,620.1335218839806
2026-03-09 00:00:00,binancecoin,611.9500451871007
2026-03-10 00:00:00,binancecoin,634.3477951671313
2026-03-11 00:00:00,binancecoin,641.6585289358178
2026-03-12 00:00:00,binancecoin,651.4385570212381
2026-03-13 00:00:00,binancecoin,652.3204295577726
2026-03-14 00:00:00,binancecoin,656.0082976549179
2026-03-15 00:00:00,binancecoin,657.9077116578025
2026-03-16 00:00:00,binancecoin,673.7790391797466
2026-03-17 00:00:00,binancecoin,679.6057646827234
2026-03-18 00:00:00,binancecoin,668.4582026519276
2026-03-19 00:00:00,binancecoin,651.889478852474
2026-03-20 00:00:00,binancecoin,638.9476995490274
2026-03-21 00:00:00,binancecoin,642.2798347520329
2026-03-22 00:00:00,binancecoin,629.5885290033027
2026-03-23 00:00:00,binancecoin,626.2400112141628
2026-03-24 00:00:00,binancecoin,638.7006153893446
2026-03-25 00:00:00,binancecoin,638.2722605721722
2026-03-26 00:00:00,binancecoin,647.3180223384383
2026-03-27 00:00:00,binancecoin,628.9190223638835
2026-03-28 00:00:00,binancecoin,613.1713620815611
2026-03-29 00:00:00,binancecoin,610.4645237576061
2026-03-30 00:00:00,binancecoin,605.6869270198512
2026-03-31 00:00:00,binancecoin,608.6013327334239
2026-04-01 00:00:00,binancecoin,616.7739614216982
2026-04-02 00:00:00,binancecoin,610.7257387079188
2026-04-03 00:00:00,binancecoin,583.2343462184504
2026-04-04 00:00:00,binancecoin,588.1023061457563
2026-04-05 00:00:00,binancecoin,593.3737522068442
2026-04-06 00:00:00,binancecoin,601.5319277415803
2026-04-07 00:00:00,binancecoin,600.2118425663355
2026-04-08 00:00:00,binancecoin,620.4758823184727
2026-04-09 00:00:00,binancecoin,601.1825872790433
2026-04-10 00:00:00,binancecoin,602.7816776325137
2026-04-11 00:00:00,binancecoin,605.8959543933561
2026-04-12 00:00:00,binancecoin,607.4205594243359
2026-04-13 00:00:00,binancecoin,592.4016532719136
2026-04-14 00:00:00,binancecoin,615.0582235280093
2026-04-15 00:00:00,binancecoin,614.3018457281473
2026-04-16 00:00:00,binancecoin,622.8075892645858
2026-04-17 00:00:00,binancecoin,635.8470780970079
2026-04-18 00:00:00,binancecoin,643.5219619509379
2026-04-19 00:00:00,binancecoin,630.3120339001613
2026-04-20 00:00:00,binancecoin,616.3721959028703
2026-04-21 00:00:00,binancecoin,629.4702714172033
2026-04-22 00:00:00,binancecoin,631.9080331573377
2026-04-23 00:00:00,binancecoin,637.7284506868011
2026-04-24 00:00:00,binancecoin,638.77992299001
2026-04-25 00:00:00,binancecoin,636.4798355140537
2026-04-26 00:00:00,binancecoin,628.7041266428481
2026-04-27 00:00:00,binancecoin,636.1188584264361
2026-04-28 00:00:00,binancecoin,626.6375245547653
2026-04-29 00:00:00,binancecoin,624.4454757814419
2026-04-30 00:00:00,binancecoin,617.1944574315557
2026-05-01 00:00:00,binancecoin,615.1683640508885
2026-05-02 00:00:00,binancecoin,615.352721486354
2026-05-03 00:00:00,binancecoin,617.8687168511913
2026-05-04 00:00:00,binancecoin,617.685329444655
2026-05-05 00:00:00,binancecoin,622.7350647297969
2026-05-06 00:00:00,binancecoin,630.6662352188133
2026-05-07 00:00:00,binancecoin,647.7014397372362
2026-05-08 00:00:00,binancecoin,637.1466883728539
2026-05-09 00:00:00,binancecoin,648.9906144892095
2026-05-10 00:00:00,binancecoin,649.7904680571592
2026-05-11 00:00:00,binancecoin,664.1927682658848
2026-05-11 08:49:50,binancecoin,651.3110628656464
2026-01-12 00:00:00,usd-coin,0.999900908621291
2026-01-13 00:00:00,usd-coin,0.9997849605034322
2026-01-14 00:00:00,usd-coin,0.9997108545905758
2026-01-15 00:00:00,usd-coin,0.9997746563122052
2026-01-16 00:00:00,usd-coin,0.9997743951637605
2026-01-17 00:00:00,usd-coin,1.001629321318781
2026-01-18 00:00:00,usd-coin,1.000011438265263
2026-01-19 00:00:00,usd-coin,0.9997294620195241
2026-01-20 00:00:00,usd-coin,0.9997017779406955
2026-01-21 00:00:00,usd-coin,0.9996979313062893
2026-01-22 00:00:00,usd-coin,0.9997001672785395
2026-01-23 00:00:00,usd-coin,0.9996947697891806
2026-01-24 00:00:00,usd-coin,0.9996058398565779
2026-01-25 00:00:00,usd-coin,0.9996149057029275
2026-01-26 00:00:00,usd-coin,0.9997030029047972
2026-01-27 00:00:00,usd-coin,0.9997003489393441
2026-01-28 00:00:00,usd-coin,0.9997019330566218
2026-01-29 00:00:00,usd-coin,0.9997009682915375
2026-01-30 00:00:00,usd-coin,0.9997013064355282
2026-01-31 00:00:00,usd-coin,0.9997108063526825
2026-02-01 00:00:00,usd-coin,0.999551829097527
2026-02-02 00:00:00,usd-coin,0.999700608459596
2026-02-03 00:00:00,usd-coin,0.9997028013678845
2026-02-04 00:00:00,usd-coin,0.9997367556761859
2026-02-05 00:00:00,usd-coin,0.9997762773856064
2026-02-06 00:00:00,usd-coin,0.9998205027768796
2026-02-07 00:00:00,usd-coin,0.9997158854583122
2026-02-08 00:00:00,usd-coin,0.9998020317022461
2026-02-09 00:00:00,usd-coin,0.9998878552156443
2026-02-10 00:00:00,usd-coin,0.9999133817203614
2026-02-11 00:00:00,usd-coin,0.9999441786196898
2026-02-12 00:00:00,usd-coin,0.9998318791240498
2026-02-13 00:00:00,usd-coin,0.9999174894442571
2026-02-14 00:00:00,usd-coin,0.9999191436363117
2026-02-15 00:00:00,usd-coin,0.9999087993769401
2026-02-16 00:00:00,usd-coin,0.9999028499736515
2026-02-17 00:00:00,usd-coin,0.9999001988245916
2026-02-18 00:00:00,usd-coin,0.9999995679680491
2026-02-19 00:00:00,usd-coin,0.9998678186996376
2026-02-20 00:00:00,usd-coin,0.999999140168384
2026-02-21 00:00:00,usd-coin,0.9998029775448778
2026-02-22 00:00:00,usd-coin,0.9999946226797948
2026-02-23 00:00:00,usd-coin,1.0000027938042413
2026-02-24 00:00:00,usd-coin,0.9998071412956467
2026-02-25 00:00:00,usd-coin,0.9999010180910151
2026-02-26 00:00:00,usd-coin,0.9998992436007735
2026-02-27 00:00:00,usd-coin,0.9999725865343111
2026-02-28 00:00:00,usd-coin,0.9999987472907106
2026-03-01 00:00:00,usd-coin,0.9999259700387437
2026-03-02 00:00:00,usd-coin,0.9999997409839912
2026-03-03 00:00:00,usd-coin,0.9999862995580471
2026-03-04 00:00:00,usd-coin,0.9999958502511042
2026-03-05 00:00:00,usd-coin,0.9999898339207121
2026-03-06 00:00:00,usd-coin,0.99990233736905
2026-03-07 00:00:00,usd-coin,0.9999301796243705
2026-03-08 00:00:00,usd-coin,0.9999992381669117
2026-03-09 00:00:00,usd-coin,0.9999988585857569
2026-03-10 00:00:00,usd-coin,0.9999396506209167
2026-03-11 00:00:00,usd-coin,0.9999533776305615
2026-03-12 00:00:00,usd-coin,0.9999085357921847
2026-03-13 00:00:00,usd-coin,0.9999037396879101
2026-03-14 00:00:00,usd-coin,0.9999975217717855
2026-03-15 00:00:00,usd-coin,0.9999949375694421
2026-03-16 00:00:00,usd-coin,0.9999924184473785
2026-03-17 00:00:00,usd-coin,0.9999838477767906
2026-03-18 00:00:00,usd-coin,0.9999027508662952
2026-03-19 00:00:00,usd-coin,0.999944542447532
2026-03-20 00:00:00,usd-coin,0.9999049706576838
2026-03-21 00:00:00,usd-coin,0.9999355238585799
2026-03-22 00:00:00,usd-coin,0.9999293938205495
2026-03-23 00:00:00,usd-coin,0.9999220735337522
2026-03-24 00:00:00,usd-coin,0.9999080044628692
2026-03-25 00:00:00,usd-coin,0.999857887311389
2026-03-26 00:00:00,usd-coin,0.9998493111778469
2026-03-27 00:00:00,usd-coin,0.9997831080891435
2026-03-28 00:00:00,usd-coin,0.999838254932514
2026-03-29 00:00:00,usd-coin,0.9997482561804376
2026-03-30 00:00:00,usd-coin,0.9997669307012653
2026-03-31 00:00:00,usd-coin,0.9997288055493505
2026-04-01 00:00:00,usd-coin,0.9996517793595919
2026-04-02 00:00:00,usd-coin,0.9998306821701641
2026-04-03 00:00:00,usd-coin,1.000054804224836
2026-04-04 00:00:00,usd-coin,1.000212869593405
2026-04-05 00:00:00,usd-coin,0.9998177260575365
2026-04-06 00:00:00,usd-coin,0.9997972973711395
2026-04-07 00:00:00,usd-coin,0.9999468214695344
2026-04-08 00:00:00,usd-coin,0.9998755756532424
2026-04-09 00:00:00,usd-coin,1.0000182215777695
2026-04-10 00:00:00,usd-coin,0.9998625470930618
2026-04-11 00:00:00,usd-coin,0.9999130093821668
2026-04-12 00:00:00,usd-coin,0.9999244417071448
2026-04-13 00:00:00,usd-coin,0.9999927563171532
2026-04-14 00:00:00,usd-coin,0.9997774155408229
2026-04-15 00:00:00,usd-coin,0.9998097186805234
2026-04-16 00:00:00,usd-coin,0.9999519715013132
2026-04-17 00:00:00,usd-coin,0.9998707870869032
2026-04-18 00:00:00,usd-coin,0.9998350455700344
2026-04-19 00:00:00,usd-coin,0.9997934711287205
2026-04-20 00:00:00,usd-coin,0.9998715100663449
2026-04-21 00:00:00,usd-coin,1.000031889063585
2026-04-22 00:00:00,usd-coin,0.999799068252368
2026-04-23 00:00:00,usd-coin,0.9997303645620045
2026-04-24 00:00:00,usd-coin,0.9998425198538492
2026-04-25 00:00:00,usd-coin,0.9998105907747837
2026-04-26 00:00:00,usd-coin,0.999742942706344
2026-04-27 00:00:00,usd-coin,0.9999526264786869
2026-04-28 00:00:00,usd-coin,0.9999015058123801
2026-04-29 00:00:00,usd-coin,0.9998207539100363
2026-04-30 00:00:00,usd-coin,0.9998455648866748
2026-05-01 00:00:00,usd-coin,0.9996684406265768
2026-05-02 00:00:00,usd-coin,0.9997910956956757
2026-05-03 00:00:00,usd-coin,0.9998640520187222
2026-05-04 00:00:00,usd-coin,0.9998594877081427
2026-05-05 00:00:00,usd-coin,0.9997538432110815
2026-05-06 00:00:00,usd-coin,0.9997769092104465
2026-05-07 00:00:00,usd-coin,0.9997369707198799
2026-05-08 00:00:00,usd-coin,0.9997208379750846
2026-05-09 00:00:00,usd-coin,0.9998991120888547
2026-05-10 00:00:00,usd-coin,0.9998953298910882
2026-05-11 00:00:00,usd-coin,0.9998993289041838
2026-05-11 08:49:53,usd-coin,0.9997766562534804
2026-01-12 00:00:00,solana,139.4276268849873
2026-01-13 00:00:00,solana,139.1103423634471
2026-01-14 00:00:00,solana,145.09717589746134
2026-01-15 00:00:00,solana,146.70846905618052
2026-01-16 00:00:00,solana,142.27295549504774
2026-01-17 00:00:00,solana,144.82360113807155
2026-01-18 00:00:00,solana,143.70920085761944
2026-01-19 00:00:00,solana,138.5946736566872
2026-01-20 00:00:00,solana,133.43360509528503
2026-01-21 00:00:00,solana,125.81062416788743
2026-01-22 00:00:00,solana,129.33791858850012
2026-01-23 00:00:00,solana,128.22398381822603
2026-01-24 00:00:00,solana,127.24900586659474
2026-01-25 00:00:00,solana,127.04951352257324
2026-01-26 00:00:00,solana,118.89050038610903
2026-01-27 00:00:00,solana,124.20384054241987
2026-01-28 00:00:00,solana,127.1523419223292
2026-01-29 00:00:00,solana,125.04471508843886
2026-01-30 00:00:00,solana,117.61753429620335
2026-01-31 00:00:00,solana,117.30168147280109
2026-02-01 00:00:00,solana,105.3546472133961
2026-02-02 00:00:00,solana,100.89974142414994
2026-02-03 00:00:00,solana,104.51783551612739
2026-02-04 00:00:00,solana,97.61983239747126
2026-02-05 00:00:00,solana,92.2922393896508
2026-02-06 00:00:00,solana,78.50039816888382
2026-02-07 00:00:00,solana,87.57576306445752
2026-02-08 00:00:00,solana,87.6724462446035
2026-02-09 00:00:00,solana,87.04941449412165
2026-02-10 00:00:00,solana,86.83640091013909
2026-02-11 00:00:00,solana,82.859350330399
2026-02-12 00:00:00,solana,79.26902777120368
2026-02-13 00:00:00,solana,78.24213346951659
2026-02-14 00:00:00,solana,84.25776148298227
2026-02-15 00:00:00,solana,88.16260342417432
2026-02-16 00:00:00,solana,85.9432570451624
2026-02-17 00:00:00,solana,86.47724615896905
2026-02-18 00:00:00,solana,85.08405734921202
2026-02-19 00:00:00,solana,81.51090951064302
2026-02-20 00:00:00,solana,82.32948048072353
2026-02-21 00:00:00,solana,84.48180620699738
2026-02-22 00:00:00,solana,85.22914603897226
2026-02-23 00:00:00,solana,82.62121426327303
2026-02-24 00:00:00,solana,77.74239675092372
2026-02-25 00:00:00,solana,79.15951859088946
2026-02-26 00:00:00,solana,87.54949142727354
2026-02-27 00:00:00,solana,85.91778139468347
2026-02-28 00:00:00,solana,81.97478574698155
2026-03-01 00:00:00,solana,84.43256932045497
2026-03-02 00:00:00,solana,83.59894859103784
2026-03-03 00:00:00,solana,86.6938918426954
2026-03-04 00:00:00,solana,87.21330452440068
2026-03-05 00:00:00,solana,91.04761359657869
2026-03-06 00:00:00,solana,88.75693937625566
2026-03-07 00:00:00,solana,84.69488418915218
2026-03-08 00:00:00,solana,83.17889878303106
2026-03-09 00:00:00,solana,81.67772884438665
2026-03-10 00:00:00,solana,84.97563051920119
2026-03-11 00:00:00,solana,85.74645257058538
2026-03-12 00:00:00,solana,86.62968862668771
2026-03-13 00:00:00,solana,86.97584014684948
2026-03-14 00:00:00,solana,88.1168060488462
2026-03-15 00:00:00,solana,88.02341306449867
2026-03-16 00:00:00,solana,92.1632844801209
2026-03-17 00:00:00,solana,96.21221464953886
2026-03-18 00:00:00,solana,94.72809426091275
2026-03-19 00:00:00,solana,90.03646353685959
2026-03-20 00:00:00,solana,88.8456984679191
2026-03-21 00:00:00,solana,89.90100439451884
2026-03-22 00:00:00,solana,87.81573059739495
2026-03-23 00:00:00,solana,86.23479546661513
2026-03-24 00:00:00,solana,91.37708078745013
2026-03-25 00:00:00,solana,90.87842515803004
2026-03-26 00:00:00,solana,91.64389758486668
2026-03-27 00:00:00,solana,86.37417588100612
2026-03-28 00:00:00,solana,82.96413192403311
2026-03-29 00:00:00,solana,82.01372949812922
2026-03-30 00:00:00,solana,81.33947805116354
2026-03-31 00:00:00,solana,82.43744250260085
2026-04-01 00:00:00,solana,83.05596641462947
2026-04-02 00:00:00,solana,81.26067035239892
2026-04-03 00:00:00,solana,78.94297475122147
2026-04-04 00:00:00,solana,80.34433585896339
2026-04-05 00:00:00,solana,80.76965641724166
2026-04-06 00:00:00,solana,81.80609023118846
2026-04-07 00:00:00,solana,80.05090350348496
2026-04-08 00:00:00,solana,85.71966892972841
2026-04-09 00:00:00,solana,82.59825679035208
2026-04-10 00:00:00,solana,83.29620052819023
2026-04-11 00:00:00,solana,84.80543245012248
2026-04-12 00:00:00,solana,84.9287614200742
2026-04-13 00:00:00,solana,81.53487956024254
2026-04-14 00:00:00,solana,86.60429543330669
2026-04-15 00:00:00,solana,83.75779568198683
2026-04-16 00:00:00,solana,84.9392177619264
2026-04-17 00:00:00,solana,88.98682546911486
2026-04-18 00:00:00,solana,88.83586147228871
2026-04-19 00:00:00,solana,86.17902122641077
2026-04-20 00:00:00,solana,83.5738484007416
2026-04-21 00:00:00,solana,85.32322525072304
2026-04-22 00:00:00,solana,85.9953015437942
2026-04-23 00:00:00,solana,86.93916270320054
2026-04-24 00:00:00,solana,86.13573456395278
2026-04-25 00:00:00,solana,86.21697306347761
2026-04-26 00:00:00,solana,86.14978421196616
2026-04-27 00:00:00,solana,86.96199515691436
2026-04-28 00:00:00,solana,84.7725920503587
2026-04-29 00:00:00,solana,84.07182294932718
2026-04-30 00:00:00,solana,83.0138918945025
2026-05-01 00:00:00,solana,83.01439982764413
2026-05-02 00:00:00,solana,83.69669496018663
2026-05-03 00:00:00,solana,84.34677098346918
2026-05-04 00:00:00,solana,83.88637030997984
2026-05-05 00:00:00,solana,84.07498448374388
2026-05-06 00:00:00,solana,86.33015099270362
2026-05-07 00:00:00,solana,89.04919377278287
2026-05-08 00:00:00,solana,88.42264493072328
2026-05-09 00:00:00,solana,91.90976809091994
2026-05-10 00:00:00,solana,93.15434617109975
2026-05-11 00:00:00,solana,96.48528983129029
2026-05-11 08:49:45,solana,94.92501960074867
2026-01-12 00:00:00,tron,0.29916406331448087
2026-01-13 00:00:00,tron,0.29948982797435697
2026-01-14 00:00:00,tron,0.3070988788932358
2026-01-15 00:00:00,tron,0.30458242872761854
2026-01-16 00:00:00,tron,0.3118058634977161
2026-01-17 00:00:00,tron,0.3091997693032059
2026-01-18 00:00:00,tron,0.3183448183235925
2026-01-19 00:00:00,tron,0.3182782758976558
2026-01-20 00:00:00,tron,0.31179518040042803
2026-01-21 00:00:00,tron,0.29692475378395466
2026-01-22 00:00:00,tron,0.2990831722070233
2026-01-23 00:00:00,tron,0.3050603342473167
2026-01-24 00:00:00,tron,0.2973939792447422
2026-01-25 00:00:00,tron,0.2950376173021198
2026-01-26 00:00:00,tron,0.2953043604473472
2026-01-27 00:00:00,tron,0.2965207531211118
2026-01-28 00:00:00,tron,0.29427942900026594
2026-01-29 00:00:00,tron,0.29494820141388145
2026-01-30 00:00:00,tron,0.2945226989800552
2026-01-31 00:00:00,tron,0.29371839650035664
2026-02-01 00:00:00,tron,0.2863275176382668
2026-02-02 00:00:00,tron,0.2846380315974083
2026-02-03 00:00:00,tron,0.2830563262871221
2026-02-04 00:00:00,tron,0.2854891017030939
2026-02-05 00:00:00,tron,0.282829051276574
2026-02-06 00:00:00,tron,0.2693280655032727
2026-02-07 00:00:00,tron,0.27394602117267597
2026-02-08 00:00:00,tron,0.2780721618992324
2026-02-09 00:00:00,tron,0.277989000211559
2026-02-10 00:00:00,tron,0.2786403027013582
2026-02-11 00:00:00,tron,0.277857437141291
2026-02-12 00:00:00,tron,0.277793014862468
2026-02-13 00:00:00,tron,0.2796480392851949
2026-02-14 00:00:00,tron,0.2819400698122128
2026-02-15 00:00:00,tron,0.28243579591911055
2026-02-16 00:00:00,tron,0.2804089893669627
2026-02-17 00:00:00,tron,0.2843782135228226
2026-02-18 00:00:00,tron,0.28197513266495516
2026-02-19 00:00:00,tron,0.27864512996855706
2026-02-20 00:00:00,tron,0.28464174192067254
2026-02-21 00:00:00,tron,0.2853446332264258
2026-02-22 00:00:00,tron,0.2888909150860578
2026-02-23 00:00:00,tron,0.2903992298635241
2026-02-24 00:00:00,tron,0.2815079518559751
2026-02-25 00:00:00,tron,0.2832385945814906
2026-02-26 00:00:00,tron,0.2852825355260694
2026-02-27 00:00:00,tron,0.28566995524177347
2026-02-28 00:00:00,tron,0.28289266608855207
2026-03-01 00:00:00,tron,0.28196976117529304
2026-03-02 00:00:00,tron,0.28066525718740226
2026-03-03 00:00:00,tron,0.28329657682312953
2026-03-04 00:00:00,tron,0.2804804538459084
2026-03-05 00:00:00,tron,0.28709106066324697
2026-03-06 00:00:00,tron,0.2851736616135678
2026-03-07 00:00:00,tron,0.2846797707477477
2026-03-08 00:00:00,tron,0.2865925082523293
2026-03-09 00:00:00,tron,0.28907049207073315
2026-03-10 00:00:00,tron,0.28549631857707075
2026-03-11 00:00:00,tron,0.28589259083867424
2026-03-12 00:00:00,tron,0.2909217187037755
2026-03-13 00:00:00,tron,0.28913603030104323
2026-03-14 00:00:00,tron,0.29340464187201964
2026-03-15 00:00:00,tron,0.29803030544613096
2026-03-16 00:00:00,tron,0.2988408855417537
2026-03-17 00:00:00,tron,0.29570801797820545
2026-03-18 00:00:00,tron,0.3067705477632474
2026-03-19 00:00:00,tron,0.3043873962428561
2026-03-20 00:00:00,tron,0.30340658667850084
2026-03-21 00:00:00,tron,0.3099367651648472
2026-03-22 00:00:00,tron,0.31217221125963046
2026-03-23 00:00:00,tron,0.31037973302289973
2026-03-24 00:00:00,tron,0.30732970322907743
2026-03-25 00:00:00,tron,0.3060753123504981
2026-03-26 00:00:00,tron,0.3150462649136737
2026-03-27 00:00:00,tron,0.31118823810725266
2026-03-28 00:00:00,tron,0.31065038475213624
2026-03-29 00:00:00,tron,0.3165031205336719
2026-03-30 00:00:00,tron,0.3215656420397666
2026-03-31 00:00:00,tron,0.31920270995632344
2026-04-01 00:00:00,tron,0.31340006606756793
2026-04-02 00:00:00,tron,0.31587846729132313
2026-04-03 00:00:00,tron,0.31530816736252887
2026-04-04 00:00:00,tron,0.3152718680117416
2026-04-05 00:00:00,tron,0.31768915729201785
2026-04-06 00:00:00,tron,0.31892816192398993
2026-04-07 00:00:00,tron,0.31670196857106514
2026-04-08 00:00:00,tron,0.31547091561095825
2026-04-09 00:00:00,tron,0.317841000442707
2026-04-10 00:00:00,tron,0.32032791050298703
2026-04-11 00:00:00,tron,0.3192029412242701
2026-04-12 00:00:00,tron,0.3189506082208559
2026-04-13 00:00:00,tron,0.321562867853127
2026-04-14 00:00:00,tron,0.32061580183061283
2026-04-15 00:00:00,tron,0.32376587708778204
2026-04-16 00:00:00,tron,0.327203471716536
2026-04-17 00:00:00,tron,0.3269095486197994
2026-04-18 00:00:00,tron,0.32789924824539973
2026-04-19 00:00:00,tron,0.3296914590958516
2026-04-20 00:00:00,tron,0.3291631569430783
2026-04-21 00:00:00,tron,0.3291722919733517
2026-04-22 00:00:00,tron,0.33285008302457264
2026-04-23 00:00:00,tron,0.32986776903951254
2026-04-24 00:00:00,tron,0.3287593480013297
2026-04-25 00:00:00,tron,0.3235767091020152
2026-04-26 00:00:00,tron,0.3239310079521121
2026-04-27 00:00:00,tron,0.32348831748519086
2026-04-28 00:00:00,tron,0.3251788791009876
2026-04-29 00:00:00,tron,0.32281321140131386
2026-04-30 00:00:00,tron,0.3229601297277086
2026-05-01 00:00:00,tron,0.3263900655208722
2026-05-02 00:00:00,tron,0.3266049526374685
2026-05-03 00:00:00,tron,0.3301273295330242
2026-05-04 00:00:00,tron,0.33852984096784217
2026-05-05 00:00:00,tron,0.3410018730612476
2026-05-06 00:00:00,tron,0.3444611967830673
2026-05-07 00:00:00,tron,0.34617592730046026
2026-05-08 00:00:00,tron,0.34900394846540445
2026-05-09 00:00:00,tron,0.3507675295031788
2026-05-10 00:00:00,tron,0.3501505135187733
2026-05-11 00:00:00,tron,0.3506658078308873
2026-05-11 08:49:41,tron,0.35032498758234987
2026-01-12 00:00:00,figure-heloc,1.0
2026-01-13 00:00:00,figure-heloc,1.0378413
2026-01-14 00:00:00,figure-heloc,1.033139
2026-01-15 00:00:00,figure-heloc,1.0205298
2026-01-16 00:00:00,figure-heloc,1.0299606
2026-01-17 00:00:00,figure-heloc,1.0313127
2026-01-18 00:00:00,figure-heloc,1.0
2026-01-19 00:00:00,figure-heloc,1.0
2026-01-20 00:00:00,figure-heloc,1.0261718
2026-01-21 00:00:00,figure-heloc,1.0261718
2026-01-22 00:00:00,figure-heloc,1.0331779
2026-01-23 00:00:00,figure-heloc,1.0447746
2026-01-24 00:00:00,figure-heloc,1.0223441
2026-01-25 00:00:00,figure-heloc,1.0260047
2026-01-26 00:00:00,figure-heloc,1.0260047
2026-01-27 00:00:00,figure-heloc,1.0312612
2026-01-28 00:00:00,figure-heloc,1.0324906
2026-01-29 00:00:00,figure-heloc,1.0295606
2026-01-30 00:00:00,figure-heloc,1.0376183
2026-01-31 00:00:00,figure-heloc,1.0416674
2026-02-01 00:00:00,figure-heloc,1.0
2026-02-02 00:00:00,figure-heloc,1.0
2026-02-03 00:00:00,figure-heloc,1.0326508
2026-02-04 00:00:00,figure-heloc,1.0353861
2026-02-05 00:00:00,figure-heloc,1.0039335
2026-02-06 00:00:00,figure-heloc,1.0009405
2026-02-07 00:00:00,figure-heloc,1.0283067
2026-02-08 00:00:00,figure-heloc,1.03302
2026-02-09 00:00:00,figure-heloc,1.03302
2026-02-10 00:00:00,figure-heloc,1.0335662
2026-02-11 00:00:00,figure-heloc,1.0321209
2026-02-12 00:00:00,figure-heloc,1.0446329
2026-02-13 00:00:00,figure-heloc,1.0405236
2026-02-14 00:00:00,figure-heloc,1.0333065
2026-02-15 00:00:00,figure-heloc,1.0198999
2026-02-16 00:00:00,figure-heloc,1.0198999
2026-02-17 00:00:00,figure-heloc,1.0314586
2026-02-18 00:00:00,figure-heloc,1.0314586
2026-02-19 00:00:00,figure-heloc,1.0316839
2026-02-20 00:00:00,figure-heloc,1.0289484
2026-02-21 00:00:00,figure-heloc,1.0350478
2026-02-22 00:00:00,figure-heloc,1.0460937
2026-02-23 00:00:00,figure-heloc,1.0460937
2026-02-24 00:00:00,figure-heloc,1.0312883
2026-02-25 00:00:00,figure-heloc,1.0338823
2026-02-26 00:00:00,figure-heloc,1.031332
2026-02-27 00:00:00,figure-heloc,1.0214534
2026-02-28 00:00:00,figure-heloc,1.048645
2026-03-01 00:00:00,figure-heloc,1.0290095
2026-03-02 00:00:00,figure-heloc,1.0290095
2026-03-03 00:00:00,figure-heloc,1.0305447
2026-03-04 00:00:00,figure-heloc,1.0330625
2026-03-05 00:00:00,figure-heloc,1.0226727
2026-03-06 00:00:00,figure-heloc,1.0168201
2026-03-07 00:00:00,figure-heloc,1.0365279
2026-03-08 00:00:00,figure-heloc,1.0237189
2026-03-09 00:00:00,figure-heloc,1.0237189
2026-03-10 00:00:00,figure-heloc,1.0415497
2026-03-11 00:00:00,figure-heloc,1.0360105
2026-03-12 00:00:00,figure-heloc,1.0269115
2026-03-13 00:00:00,figure-heloc,1.0031431
2026-03-14 00:00:00,figure-heloc,1.0318374
2026-03-15 00:00:00,figure-heloc,1.0027587
2026-03-16 00:00:00,figure-heloc,1.0027587
2026-03-17 00:00:00,figure-heloc,1.0266298
2026-03-18 00:00:00,figure-heloc,1.0316687
2026-03-19 00:00:00,figure-heloc,1.0250972
2026-03-20 00:00:00,figure-heloc,1.0155824
2026-03-21 00:00:00,figure-heloc,1.0029367
2026-03-22 00:00:00,figure-heloc,1.0
2026-03-23 00:00:00,figure-heloc,1.0
2026-03-24 00:00:00,figure-heloc,1.0293043
2026-03-25 00:00:00,figure-heloc,1.0334894
2026-03-26 00:00:00,figure-heloc,1.0239758
2026-03-27 00:00:00,figure-heloc,1.0182745
2026-03-28 00:00:00,figure-heloc,1.0315428
2026-03-29 00:00:00,figure-heloc,1.0187044
2026-03-30 00:00:00,figure-heloc,1.0187044
2026-03-31 00:00:00,figure-heloc,1.0035347
2026-04-01 00:00:00,figure-heloc,1.031724
2026-04-02 00:00:00,figure-heloc,1.0251748
2026-04-03 00:00:00,figure-heloc,1.033872
2026-04-04 00:00:00,figure-heloc,1.0315359
2026-04-05 00:00:00,figure-heloc,1.0295403
2026-04-06 00:00:00,figure-heloc,1.0295403
2026-04-07 00:00:00,figure-heloc,1.0194564
2026-04-08 00:00:00,figure-heloc,1.0329341
2026-04-09 00:00:00,figure-heloc,1.0321619
2026-04-10 00:00:00,figure-heloc,1.034043
2026-04-11 00:00:00,figure-heloc,1.021327
2026-04-12 00:00:00,figure-heloc,1.0398477
2026-04-13 00:00:00,figure-heloc,1.0398477
2026-04-14 00:00:00,figure-heloc,1.0268735
2026-04-15 00:00:00,figure-heloc,1.0275969
2026-04-16 00:00:00,figure-heloc,1.0333654
2026-04-17 00:00:00,figure-heloc,1.0232764
2026-04-18 00:00:00,figure-heloc,1.0215236
2026-04-19 00:00:00,figure-heloc,1.0349077
2026-04-20 00:00:00,figure-heloc,1.0349077
2026-04-21 00:00:00,figure-heloc,1.0304958
2026-04-22 00:00:00,figure-heloc,1.0341589
2026-04-23 00:00:00,figure-heloc,1.0360426
2026-04-24 00:00:00,figure-heloc,1.0312738
2026-04-25 00:00:00,figure-heloc,1.0256571
2026-04-26 00:00:00,figure-heloc,1.02
2026-04-27 00:00:00,figure-heloc,1.02
2026-04-28 00:00:00,figure-heloc,1.0306162
2026-04-29 00:00:00,figure-heloc,1.0404441
2026-04-30 00:00:00,figure-heloc,1.0339873
2026-05-01 00:00:00,figure-heloc,1.0314045
2026-05-02 00:00:00,figure-heloc,1.0348196
2026-05-03 00:00:00,figure-heloc,1.04021
2026-05-04 00:00:00,figure-heloc,1.04021
2026-05-05 00:00:00,figure-heloc,1.0294179
2026-05-06 00:00:00,figure-heloc,1.0334931
2026-05-07 00:00:00,figure-heloc,1.0197141
2026-05-08 00:00:00,figure-heloc,1.0027585
2026-05-09 00:00:00,figure-heloc,1.028087
2026-05-10 00:00:00,figure-heloc,1.028842
2026-05-10 22:39:05,figure-heloc,1.0
2026-05-11 00:00:00,figure-heloc,1.0
2026-01-12 00:00:00,dogecoin,0.13762170063565354
2026-01-13 00:00:00,dogecoin,0.13657612595384463
2026-01-14 00:00:00,dogecoin,0.14775768523242752
2026-01-15 00:00:00,dogecoin,0.14717593171884386
2026-01-16 00:00:00,dogecoin,0.13999017295875318
2026-01-17 00:00:00,dogecoin,0.13803590837513685
2026-01-18 00:00:00,dogecoin,0.1377750977423629
2026-01-19 00:00:00,dogecoin,0.13205020983220853
2026-01-20 00:00:00,dogecoin,0.12913260545675517
2026-01-21 00:00:00,dogecoin,0.1232505409033576
2026-01-22 00:00:00,dogecoin,0.12644451176398563
2026-01-23 00:00:00,dogecoin,0.12415563067569813
2026-01-24 00:00:00,dogecoin,0.12459272073883498
2026-01-25 00:00:00,dogecoin,0.12407396440823537
2026-01-26 00:00:00,dogecoin,0.11928718890285936
2026-01-27 00:00:00,dogecoin,0.12234335135625338
2026-01-28 00:00:00,dogecoin,0.126058502608312
2026-01-29 00:00:00,dogecoin,0.12488805275945465
2026-01-30 00:00:00,dogecoin,0.11710772670706057
2026-01-31 00:00:00,dogecoin,0.11570615704260108
2026-02-01 00:00:00,dogecoin,0.10391816890451142
2026-02-02 00:00:00,dogecoin,0.10446571067651927
2026-02-03 00:00:00,dogecoin,0.10791475617863952
2026-02-04 00:00:00,dogecoin,0.10558766312015572
2026-02-05 00:00:00,dogecoin,0.10407129714856796
2026-02-06 00:00:00,dogecoin,0.08853350658392219
2026-02-07 00:00:00,dogecoin,0.09851068367968456
2026-02-08 00:00:00,dogecoin,0.09828204802987388
2026-02-09 00:00:00,dogecoin,0.09679508755158638
2026-02-10 00:00:00,dogecoin,0.09612223186470982
2026-02-11 00:00:00,dogecoin,0.0926891019115639
2026-02-12 00:00:00,dogecoin,0.09098504799968382
2026-02-13 00:00:00,dogecoin,0.09297230134330874
2026-02-14 00:00:00,dogecoin,0.09648780963693444
2026-02-15 00:00:00,dogecoin,0.11102387044534862
2026-02-16 00:00:00,dogecoin,0.10263274360387378
2026-02-17 00:00:00,dogecoin,0.10101283473720928
2026-02-18 00:00:00,dogecoin,0.10065712113902656
2026-02-19 00:00:00,dogecoin,0.0984655266513993
2026-02-20 00:00:00,dogecoin,0.09826304027116836
2026-02-21 00:00:00,dogecoin,0.10008076429796753
2026-02-22 00:00:00,dogecoin,0.09852639805510928
2026-02-23 00:00:00,dogecoin,0.09524627651516329
2026-02-24 00:00:00,dogecoin,0.09259698111404983
2026-02-25 00:00:00,dogecoin,0.0914313497566651
2026-02-26 00:00:00,dogecoin,0.10040550652510143
2026-02-27 00:00:00,dogecoin,0.09706278741592801
2026-02-28 00:00:00,dogecoin,0.09333407883760456
2026-03-01 00:00:00,dogecoin,0.09409555390986618
2026-03-02 00:00:00,dogecoin,0.09190272619858843
2026-03-03 00:00:00,dogecoin,0.09359787766200474
2026-03-04 00:00:00,dogecoin,0.09006591141967334
2026-03-05 00:00:00,dogecoin,0.09917644037818434
2026-03-06 00:00:00,dogecoin,0.09356671480114738
2026-03-07 00:00:00,dogecoin,0.09128746316658029
2026-03-08 00:00:00,dogecoin,0.08996188597992184
2026-03-09 00:00:00,dogecoin,0.08913118184470159
2026-03-10 00:00:00,dogecoin,0.09034133754844273
2026-03-11 00:00:00,dogecoin,0.09453933298078705
2026-03-12 00:00:00,dogecoin,0.09294838106012036
2026-03-13 00:00:00,dogecoin,0.09478629417354649
2026-03-14 00:00:00,dogecoin,0.09591239936172402
2026-03-15 00:00:00,dogecoin,0.09596437643209395
2026-03-16 00:00:00,dogecoin,0.09732538404585027
2026-03-17 00:00:00,dogecoin,0.10331818856883287
2026-03-18 00:00:00,dogecoin,0.10022225595452286
2026-03-19 00:00:00,dogecoin,0.09512193972476529
2026-03-20 00:00:00,dogecoin,0.09344159710524043
2026-03-21 00:00:00,dogecoin,0.09418522447756913
2026-03-22 00:00:00,dogecoin,0.09241239080289568
2026-03-23 00:00:00,dogecoin,0.09017500800359304
2026-03-24 00:00:00,dogecoin,0.09398523720476562
2026-03-25 00:00:00,dogecoin,0.0951115437096713
2026-03-26 00:00:00,dogecoin,0.09599706406824654
2026-03-27 00:00:00,dogecoin,0.09199232617364651
2026-03-28 00:00:00,dogecoin,0.09004403853917814
2026-03-29 00:00:00,dogecoin,0.09083113630486371
2026-03-30 00:00:00,dogecoin,0.0903745048785108
2026-03-31 00:00:00,dogecoin,0.09068548027161676
2026-04-01 00:00:00,dogecoin,0.09214078308511245
2026-04-02 00:00:00,dogecoin,0.09230023392201143
2026-04-03 00:00:00,dogecoin,0.09034614796897832
2026-04-04 00:00:00,dogecoin,0.09156002686470996
2026-04-05 00:00:00,dogecoin,0.09195931613318098
2026-04-06 00:00:00,dogecoin,0.09219425272812062
2026-04-07 00:00:00,dogecoin,0.09059384779644834
2026-04-08 00:00:00,dogecoin,0.09527212505403887
2026-04-09 00:00:00,dogecoin,0.09236630916641947
2026-04-10 00:00:00,dogecoin,0.09253492552724309
2026-04-11 00:00:00,dogecoin,0.09372860644586083
2026-04-12 00:00:00,dogecoin,0.09304473758167307
2026-04-13 00:00:00,dogecoin,0.0908280107420861
2026-04-14 00:00:00,dogecoin,0.0940578596876677
2026-04-15 00:00:00,dogecoin,0.0930252261939517
2026-04-16 00:00:00,dogecoin,0.09494201108556082
2026-04-17 00:00:00,dogecoin,0.09932222317921213
2026-04-18 00:00:00,dogecoin,0.09952058754890308
2026-04-19 00:00:00,dogecoin,0.09497162923789765
2026-04-20 00:00:00,dogecoin,0.09302157007681368
2026-04-21 00:00:00,dogecoin,0.09520396925906387
2026-04-22 00:00:00,dogecoin,0.09515334869575981
2026-04-23 00:00:00,dogecoin,0.09571181424375587
2026-04-24 00:00:00,dogecoin,0.09718437103544911
2026-04-25 00:00:00,dogecoin,0.098344442413165
2026-04-26 00:00:00,dogecoin,0.09807804874637178
2026-04-27 00:00:00,dogecoin,0.09928885737043763
2026-04-28 00:00:00,dogecoin,0.09898470264022437
2026-04-29 00:00:00,dogecoin,0.09935674445078807
2026-04-30 00:00:00,dogecoin,0.10400448795643337
2026-05-01 00:00:00,dogecoin,0.10644519867640831
2026-05-02 00:00:00,dogecoin,0.10836328471595287
2026-05-03 00:00:00,dogecoin,0.10841352139561242
2026-05-04 00:00:00,dogecoin,0.10830192293269413
2026-05-05 00:00:00,dogecoin,0.11012888821175514
2026-05-06 00:00:00,dogecoin,0.1147503370385511
2026-05-07 00:00:00,dogecoin,0.11229598283751535
2026-05-08 00:00:00,dogecoin,0.10780019227784385
2026-05-09 00:00:00,dogecoin,0.1094195816804092
2026-05-10 00:00:00,dogecoin,0.10872345489847518
2026-05-11 00:00:00,dogecoin,0.11258859225039546
2026-05-11 08:50:01,dogecoin,0.10947438822317711
2026-01-12 00:00:00,whitebit,55.12858909374314
2026-01-13 00:00:00,whitebit,54.7706793883218
2026-01-14 00:00:00,whitebit,57.09516210348017
2026-01-15 00:00:00,whitebit,57.952447837200076
2026-01-16 00:00:00,whitebit,57.38862050133631
2026-01-17 00:00:00,whitebit,57.37835847724192
2026-01-18 00:00:00,whitebit,57.30174104061148
2026-01-19 00:00:00,whitebit,56.76415072207501
2026-01-20 00:00:00,whitebit,56.14140825967865
2026-01-21 00:00:00,whitebit,53.595692405679785
2026-01-22 00:00:00,whitebit,53.866713695499605
2026-01-23 00:00:00,whitebit,54.50219392765582
2026-01-24 00:00:00,whitebit,54.46916584049875
2026-01-25 00:00:00,whitebit,54.28759687197061
2026-01-26 00:00:00,whitebit,52.73715260273671
2026-01-27 00:00:00,whitebit,53.985127477376686
2026-01-28 00:00:00,whitebit,54.68549370617431
2026-01-29 00:00:00,whitebit,54.41634530039502
2026-01-30 00:00:00,whitebit,51.66575510109142
2026-01-31 00:00:00,whitebit,51.30740218315541
2026-02-01 00:00:00,whitebit,49.35690090118427
2026-02-02 00:00:00,whitebit,49.229385026504524
2026-02-03 00:00:00,whitebit,51.73112643367996
2026-02-04 00:00:00,whitebit,49.05599943234069
2026-02-05 00:00:00,whitebit,52.74444737106483
2026-02-06 00:00:00,whitebit,48.060948931628396
2026-02-07 00:00:00,whitebit,53.36472246268876
2026-02-08 00:00:00,whitebit,52.7741270950109
2026-02-09 00:00:00,whitebit,53.714605748184255
2026-02-10 00:00:00,whitebit,53.02943403771353
2026-02-11 00:00:00,whitebit,51.72260268870635
2026-02-12 00:00:00,whitebit,50.220332159754484
2026-02-13 00:00:00,whitebit,50.08497551897965
2026-02-14 00:00:00,whitebit,51.75926787529996
2026-02-15 00:00:00,whitebit,52.33644763285213
2026-02-16 00:00:00,whitebit,51.311999126827054
2026-02-17 00:00:00,whitebit,52.034777912787746
2026-02-18 00:00:00,whitebit,51.18208542511306
2026-02-19 00:00:00,whitebit,50.3736867038765
2026-02-20 00:00:00,whitebit,50.41105661505274
2026-02-21 00:00:00,whitebit,50.72426844772597
2026-02-22 00:00:00,whitebit,50.70439996373134
2026-02-23 00:00:00,whitebit,50.34086825527294
2026-02-24 00:00:00,whitebit,48.24431655141333
2026-02-25 00:00:00,whitebit,48.049501781300975
2026-02-26 00:00:00,whitebit,50.65591320968466
2026-02-27 00:00:00,whitebit,50.373796936673
2026-02-28 00:00:00,whitebit,49.13332022014544
2026-03-01 00:00:00,whitebit,49.847762971421844
2026-03-02 00:00:00,whitebit,48.39734253689014
2026-03-03 00:00:00,whitebit,50.18010437883718
2026-03-04 00:00:00,whitebit,49.51863514470512
2026-03-05 00:00:00,whitebit,52.25107238221942
2026-03-06 00:00:00,whitebit,54.39741780399741
2026-03-07 00:00:00,whitebit,54.65628399904499
2026-03-08 00:00:00,whitebit,53.83316106203296
2026-03-09 00:00:00,whitebit,53.270806795235245
2026-03-10 00:00:00,whitebit,54.55804615825741
2026-03-11 00:00:00,whitebit,55.38675299513138
2026-03-12 00:00:00,whitebit,55.4095097630966
2026-03-13 00:00:00,whitebit,55.488005485132724
2026-03-14 00:00:00,whitebit,55.50524703824007
2026-03-15 00:00:00,whitebit,55.46984208165911
2026-03-16 00:00:00,whitebit,56.81720863033464
2026-03-17 00:00:00,whitebit,58.272121945512495
2026-03-18 00:00:00,whitebit,57.92932052394786
2026-03-19 00:00:00,whitebit,56.92808543178397
2026-03-20 00:00:00,whitebit,55.07809259273667
2026-03-21 00:00:00,whitebit,55.19239342987154
2026-03-22 00:00:00,whitebit,54.288172340697315
2026-03-23 00:00:00,whitebit,53.39582250160323
2026-03-24 00:00:00,whitebit,54.720276241915066
2026-03-25 00:00:00,whitebit,54.673231062345714
2026-03-26 00:00:00,whitebit,54.84756625044639
2026-03-27 00:00:00,whitebit,52.77450766576634
2026-03-28 00:00:00,whitebit,51.32238833705517
2026-03-29 00:00:00,whitebit,51.25865897671456
2026-03-30 00:00:00,whitebit,51.068428430558136
2026-03-31 00:00:00,whitebit,51.36465283365847
2026-04-01 00:00:00,whitebit,52.35713373485547
2026-04-02 00:00:00,whitebit,52.12263495286457
2026-04-03 00:00:00,whitebit,51.20995325026448
2026-04-04 00:00:00,whitebit,51.19315975732757
2026-04-05 00:00:00,whitebit,51.48844165768005
2026-04-06 00:00:00,whitebit,52.28097881017281
2026-04-07 00:00:00,whitebit,51.95741314876892
2026-04-08 00:00:00,whitebit,53.651848573789756
2026-04-09 00:00:00,whitebit,52.79231539779709
2026-04-10 00:00:00,whitebit,52.64077012044624
2026-04-11 00:00:00,whitebit,53.15983947252361
2026-04-12 00:00:00,whitebit,53.36568876828596
2026-04-13 00:00:00,whitebit,51.9453003938322
2026-04-14 00:00:00,whitebit,54.82523714653394
2026-04-15 00:00:00,whitebit,54.39034252357643
2026-04-16 00:00:00,whitebit,54.591877586296775
2026-04-17 00:00:00,whitebit,54.75203629278888
2026-04-18 00:00:00,whitebit,56.139990346016205
2026-04-19 00:00:00,whitebit,55.05213416881053
2026-04-20 00:00:00,whitebit,53.66722210933736
2026-04-21 00:00:00,whitebit,54.83022106965342
2026-04-22 00:00:00,whitebit,55.126552877456305
2026-04-23 00:00:00,whitebit,55.71296046720435
2026-04-24 00:00:00,whitebit,55.38205436857978
2026-04-25 00:00:00,whitebit,54.80865806544317
2026-04-26 00:00:00,whitebit,54.91498807135203
2026-04-27 00:00:00,whitebit,55.70407505299861
2026-04-28 00:00:00,whitebit,54.63194038357343
2026-04-29 00:00:00,whitebit,54.03642305960358
2026-04-30 00:00:00,whitebit,53.99065254820101
2026-05-01 00:00:00,whitebit,57.19492773858113
2026-05-02 00:00:00,whitebit,58.319395776716625
2026-05-03 00:00:00,whitebit,58.64241432598286
2026-05-04 00:00:00,whitebit,58.64950568694338
2026-05-05 00:00:00,whitebit,59.354248521868
2026-05-06 00:00:00,whitebit,59.78967068358815
2026-05-07 00:00:00,whitebit,59.56615257182233
2026-05-08 00:00:00,whitebit,58.92382995495131
2026-05-09 00:00:00,whitebit,59.15549966324429
2026-05-10 00:00:00,whitebit,59.49555980927305
2026-05-11 00:00:00,whitebit,60.63586866015138
2026-05-11 08:49:43,whitebit,59.54512895841085
2026-01-12 00:00:00,usds,0.9997547397109068
2026-01-13 00:00:00,usds,0.9998418434749561
2026-01-14 00:00:00,usds,0.999629239889779
2026-01-15 00:00:00,usds,0.999814312095913
2026-01-16 00:00:00,usds,0.9997684194363268
2026-01-17 00:00:00,usds,0.9997250853169619
2026-01-18 00:00:00,usds,0.9998218418366004
2026-01-19 00:00:00,usds,0.9994455612177228
2026-01-20 00:00:00,usds,0.9996843855773214
2026-01-21 00:00:00,usds,0.9996294915178024
2026-01-22 00:00:00,usds,0.9995524795282794
2026-01-23 00:00:00,usds,0.9995976916994086
2026-01-24 00:00:00,usds,0.999614227636307
2026-01-25 00:00:00,usds,0.9996242909227743
2026-01-26 00:00:00,usds,0.9995050106151764
2026-01-27 00:00:00,usds,0.999527383890769
2026-01-28 00:00:00,usds,0.9997060964917183
2026-01-29 00:00:00,usds,0.9995454561400401
2026-01-30 00:00:00,usds,0.9996053952075088
2026-01-31 00:00:00,usds,0.9998141401105302
2026-02-01 00:00:00,usds,0.9995671453202447
2026-02-02 00:00:00,usds,1.000616759731256
2026-02-03 00:00:00,usds,0.9994181959619631
2026-02-04 00:00:00,usds,0.99947664238217
2026-02-05 00:00:00,usds,0.9985295935269187
2026-02-06 00:00:00,usds,0.9997726375110071
2026-02-07 00:00:00,usds,0.9998180571368549
2026-02-08 00:00:00,usds,0.999971628453762
2026-02-09 00:00:00,usds,0.9993376750876631
2026-02-10 00:00:00,usds,0.9989064581829638
2026-02-11 00:00:00,usds,0.9989619850668539
2026-02-12 00:00:00,usds,0.9995840473460529
2026-02-13 00:00:00,usds,0.9988687494929351
2026-02-14 00:00:00,usds,0.999796020971996
2026-02-15 00:00:00,usds,0.9999832876108955
2026-02-16 00:00:00,usds,0.9999291502293425
2026-02-17 00:00:00,usds,1.0000527375335542
2026-02-18 00:00:00,usds,0.99972408412538
2026-02-19 00:00:00,usds,0.9997026884211705
2026-02-20 00:00:00,usds,0.9999546592217771
2026-02-21 00:00:00,usds,1.0000953936698591
2026-02-22 00:00:00,usds,0.999971920211695
2026-02-23 00:00:00,usds,0.9995237719730985
2026-02-24 00:00:00,usds,0.9998362253880596
2026-02-25 00:00:00,usds,0.9999892579453297
2026-02-26 00:00:00,usds,0.9999620087175258
2026-02-27 00:00:00,usds,0.9994715508288
2026-02-28 00:00:00,usds,0.9998627414618999
2026-03-01 00:00:00,usds,0.9995236090066821
2026-03-02 00:00:00,usds,0.9999618020379737
2026-03-03 00:00:00,usds,1.0002651801954963
2026-03-04 00:00:00,usds,0.9999733185512777
2026-03-05 00:00:00,usds,0.9998936868652171
2026-03-06 00:00:00,usds,0.9999985997818742
2026-03-07 00:00:00,usds,0.9999668347094797
2026-03-08 00:00:00,usds,1.0000164026896825
2026-03-09 00:00:00,usds,0.9999847031500418
2026-03-10 00:00:00,usds,0.9999997684371553
2026-03-11 00:00:00,usds,1.0002646061623086
2026-03-12 00:00:00,usds,0.9999880896619897
2026-03-13 00:00:00,usds,0.9999094288994155
2026-03-14 00:00:00,usds,0.9997867725562272
2026-03-15 00:00:00,usds,1.0002326412803262
2026-03-16 00:00:00,usds,0.9999929122436071
2026-03-17 00:00:00,usds,1.000386010504759
2026-03-18 00:00:00,usds,0.9999497603519274
2026-03-19 00:00:00,usds,0.9999564837960544
2026-03-20 00:00:00,usds,1.0000138336688278
2026-03-21 00:00:00,usds,1.000039648977896
2026-03-22 00:00:00,usds,0.9999181382859265
2026-03-23 00:00:00,usds,0.99957097456176
2026-03-24 00:00:00,usds,1.0000114857350235
2026-03-25 00:00:00,usds,0.9998551363863247
2026-03-26 00:00:00,usds,0.9996854756484898
2026-03-27 00:00:00,usds,0.9997434860953536
2026-03-28 00:00:00,usds,0.9998636106283222
2026-03-29 00:00:00,usds,0.9996086500281788
2026-03-30 00:00:00,usds,0.9997111267865127
2026-03-31 00:00:00,usds,0.9996175530680252
2026-04-01 00:00:00,usds,1.000268930436391
2026-04-02 00:00:00,usds,0.9999573339576361
2026-04-03 00:00:00,usds,0.9999957459876055
2026-04-04 00:00:00,usds,1.0000559259174386
2026-04-05 00:00:00,usds,1.000071765393972
2026-04-06 00:00:00,usds,0.9998107618482565
2026-04-07 00:00:00,usds,0.9999236116983091
2026-04-08 00:00:00,usds,0.9998826993977399
2026-04-09 00:00:00,usds,0.9998627909508029
2026-04-10 00:00:00,usds,0.9996492318174899
2026-04-11 00:00:00,usds,0.9998501016364724
2026-04-12 00:00:00,usds,0.9998928483639116
2026-04-13 00:00:00,usds,0.999765986475433
2026-04-14 00:00:00,usds,0.9998102164692634
2026-04-15 00:00:00,usds,0.9997067523804064
2026-04-16 00:00:00,usds,0.9997406734724573
2026-04-17 00:00:00,usds,0.9998042101044056
2026-04-18 00:00:00,usds,0.9997376892854518
2026-04-19 00:00:00,usds,0.999630827393856
2026-04-20 00:00:00,usds,0.999793082314645
2026-04-21 00:00:00,usds,0.9998048834318749
2026-04-22 00:00:00,usds,0.9997164688837322
2026-04-23 00:00:00,usds,0.9997458523722441
2026-04-24 00:00:00,usds,0.9999511233207838
2026-04-25 00:00:00,usds,0.9997643436887671
2026-04-26 00:00:00,usds,0.9996855163672111
2026-04-27 00:00:00,usds,0.9997446295157003
2026-04-28 00:00:00,usds,0.9993262051757302
2026-04-29 00:00:00,usds,1.0007716638200115
2026-04-30 00:00:00,usds,0.9996321148044075
2026-05-01 00:00:00,usds,0.9995966061707907
2026-05-02 00:00:00,usds,0.9998257038934683
2026-05-03 00:00:00,usds,0.9998135809924118
2026-05-04 00:00:00,usds,0.9998699419770859
2026-05-05 00:00:00,usds,0.9997828185462295
2026-05-06 00:00:00,usds,0.9997946623274934
2026-05-07 00:00:00,usds,0.9998478646059977
2026-05-08 00:00:00,usds,0.9998613573325834
2026-05-09 00:00:00,usds,0.9997824051945241
2026-05-10 00:00:00,usds,0.9998197999202301
2026-05-11 00:00:00,usds,0.9998191141847459
2026-05-11 08:49:54,usds,0.9997450172505926
2026-01-12 00:00:00,cardano,0.3901948173072007
2026-01-13 00:00:00,cardano,0.38583269299610023
2026-01-14 00:00:00,cardano,0.4201754943648495
2026-01-15 00:00:00,cardano,0.41451929004035454
2026-01-16 00:00:00,cardano,0.39358072637379005
2026-01-17 00:00:00,cardano,0.39543383895050876
2026-01-18 00:00:00,cardano,0.3962039725095254
2026-01-19 00:00:00,cardano,0.3777256948570596
2026-01-20 00:00:00,cardano,0.37019735512250185
2026-01-21 00:00:00,cardano,0.3509077527889071
2026-01-22 00:00:00,cardano,0.36551834288545615
2026-01-23 00:00:00,cardano,0.35874644488806817
2026-01-24 00:00:00,cardano,0.3599768411955781
2026-01-25 00:00:00,cardano,0.3581573392104223
2026-01-26 00:00:00,cardano,0.33874558887242673
2026-01-27 00:00:00,cardano,0.352215092283845
2026-01-28 00:00:00,cardano,0.3607127926216893
2026-01-29 00:00:00,cardano,0.3578492554310702
2026-01-30 00:00:00,cardano,0.33403555503250293
2026-01-31 00:00:00,cardano,0.32039195184496866
2026-02-01 00:00:00,cardano,0.2933197862841921
2026-02-02 00:00:00,cardano,0.2863646051047106
2026-02-03 00:00:00,cardano,0.298815192559731
2026-02-04 00:00:00,cardano,0.2905944812699618
2026-02-05 00:00:00,cardano,0.287004135336157
2026-02-06 00:00:00,cardano,0.24569164116649098
2026-02-07 00:00:00,cardano,0.27622977644165136
2026-02-08 00:00:00,cardano,0.27222668572815106
2026-02-09 00:00:00,cardano,0.27064423469208887
2026-02-10 00:00:00,cardano,0.26994029871198044
2026-02-11 00:00:00,cardano,0.26162742149269524
2026-02-12 00:00:00,cardano,0.25533384814610166
2026-02-13 00:00:00,cardano,0.26413425769481996
2026-02-14 00:00:00,cardano,0.2724328215197824
2026-02-15 00:00:00,cardano,0.29515523540256966
2026-02-16 00:00:00,cardano,0.2817628812286573
2026-02-17 00:00:00,cardano,0.28574025058545544
2026-02-18 00:00:00,cardano,0.28099609455531566
2026-02-19 00:00:00,cardano,0.27357908716740614
2026-02-20 00:00:00,cardano,0.2724872798232589
2026-02-21 00:00:00,cardano,0.28468067929917146
2026-02-22 00:00:00,cardano,0.2800732424232308
2026-02-23 00:00:00,cardano,0.27080691877291263
2026-02-24 00:00:00,cardano,0.262256732524422
2026-02-25 00:00:00,cardano,0.2586615136138729
2026-02-26 00:00:00,cardano,0.2959857984328358
2026-02-27 00:00:00,cardano,0.2869597434290402
2026-02-28 00:00:00,cardano,0.2775514786559025
2026-03-01 00:00:00,cardano,0.281885143747939
2026-03-02 00:00:00,cardano,0.2735336530971066
2026-03-03 00:00:00,cardano,0.2767482772943707
2026-03-04 00:00:00,cardano,0.26315667884254573
2026-03-05 00:00:00,cardano,0.2762900575242947
2026-03-06 00:00:00,cardano,0.2690471897207536
2026-03-07 00:00:00,cardano,0.2592346328031241
2026-03-08 00:00:00,cardano,0.254714731113529
2026-03-09 00:00:00,cardano,0.24928958557817998
2026-03-10 00:00:00,cardano,0.2549619393133554
2026-03-11 00:00:00,cardano,0.26195591046204714
2026-03-12 00:00:00,cardano,0.2625767126470387
2026-03-13 00:00:00,cardano,0.26334793127812367
2026-03-14 00:00:00,cardano,0.2657151587099227
2026-03-15 00:00:00,cardano,0.26304469873935526
2026-03-16 00:00:00,cardano,0.26961976523627484
2026-03-17 00:00:00,cardano,0.29057185397204965
2026-03-18 00:00:00,cardano,0.28914068149251376
2026-03-19 00:00:00,cardano,0.27420613530329707
2026-03-20 00:00:00,cardano,0.26705261097698063
2026-03-21 00:00:00,cardano,0.2661642467208917
2026-03-22 00:00:00,cardano,0.26102016859451804
2026-03-23 00:00:00,cardano,0.2507536127327248
2026-03-24 00:00:00,cardano,0.26127788317903267
2026-03-25 00:00:00,cardano,0.26609034070259674
2026-03-26 00:00:00,cardano,0.2699890266304743
2026-03-27 00:00:00,cardano,0.25477361093470824
2026-03-28 00:00:00,cardano,0.24599003932856503
2026-03-29 00:00:00,cardano,0.2455610952102052
2026-03-30 00:00:00,cardano,0.23952550129211267
2026-03-31 00:00:00,cardano,0.2430610836889435
2026-04-01 00:00:00,cardano,0.24169472723109567
2026-04-02 00:00:00,cardano,0.2478714750562011
2026-04-03 00:00:00,cardano,0.23928426010712744
2026-04-04 00:00:00,cardano,0.24608197985742547
2026-04-05 00:00:00,cardano,0.24783138917840428
2026-04-06 00:00:00,cardano,0.25015160536242165
2026-04-07 00:00:00,cardano,0.24609213109837516
2026-04-08 00:00:00,cardano,0.2646163556153464
2026-04-09 00:00:00,cardano,0.2506239957011522
2026-04-10 00:00:00,cardano,0.2538034914563596
2026-04-11 00:00:00,cardano,0.2542004099929077
2026-04-12 00:00:00,cardano,0.24955358250726403
2026-04-13 00:00:00,cardano,0.23612751513278712
2026-04-14 00:00:00,cardano,0.24813111229708085
2026-04-15 00:00:00,cardano,0.23969013376115428
2026-04-16 00:00:00,cardano,0.24598551389228787
2026-04-17 00:00:00,cardano,0.25941680733777783
2026-04-18 00:00:00,cardano,0.2588297684540943
2026-04-19 00:00:00,cardano,0.24960658117648307
2026-04-20 00:00:00,cardano,0.24249705859607495
2026-04-21 00:00:00,cardano,0.24821786069773769
2026-04-22 00:00:00,cardano,0.24963961273216978
2026-04-23 00:00:00,cardano,0.24864792861124946
2026-04-24 00:00:00,cardano,0.2500061492922761
2026-04-25 00:00:00,cardano,0.25040834224066794
2026-04-26 00:00:00,cardano,0.2502614654444377
2026-04-27 00:00:00,cardano,0.2524966295052578
2026-04-28 00:00:00,cardano,0.2479611132928249
2026-04-29 00:00:00,cardano,0.24676609704072183
2026-04-30 00:00:00,cardano,0.24456818954549742
2026-05-01 00:00:00,cardano,0.24627130058654478
2026-05-02 00:00:00,cardano,0.24806724437884511
2026-05-03 00:00:00,cardano,0.25010905555783597
2026-05-04 00:00:00,cardano,0.24947888259491474
2026-05-05 00:00:00,cardano,0.24984930861984356
2026-05-06 00:00:00,cardano,0.2620728352434367
2026-05-07 00:00:00,cardano,0.26660423080823076
2026-05-08 00:00:00,cardano,0.2627018011134769
2026-05-09 00:00:00,cardano,0.2730349119001251
2026-05-10 00:00:00,cardano,0.27077180342356816
2026-05-11 00:00:00,cardano,0.28289470337829314
2026-05-11 08:49:47,cardano,0.27679516782816327
2026-01-12 00:00:00,hyperliquid,24.350915671835832
2026-01-13 00:00:00,hyperliquid,23.743192035309782
2026-01-14 00:00:00,hyperliquid,25.531907972354162
2026-01-15 00:00:00,hyperliquid,25.915353729530853
2026-01-16 00:00:00,hyperliquid,24.68164440537098
2026-01-17 00:00:00,hyperliquid,24.98800007035438
2026-01-18 00:00:00,hyperliquid,25.413904996900904
2026-01-19 00:00:00,hyperliquid,24.626216694482256
2026-01-20 00:00:00,hyperliquid,23.71159479340347
2026-01-21 00:00:00,hyperliquid,20.916784846277384
2026-01-22 00:00:00,hyperliquid,21.469655505242624
2026-01-23 00:00:00,hyperliquid,21.38337747970952
2026-01-24 00:00:00,hyperliquid,22.5440847153402
2026-01-25 00:00:00,hyperliquid,23.212784830163866
2026-01-26 00:00:00,hyperliquid,22.145761313838324
2026-01-27 00:00:00,hyperliquid,24.88037679445061
2026-01-28 00:00:00,hyperliquid,30.706889609360477
2026-01-29 00:00:00,hyperliquid,34.06282432843852
2026-01-30 00:00:00,hyperliquid,30.787171136704668
2026-01-31 00:00:00,hyperliquid,30.553292979747805
2026-02-01 00:00:00,hyperliquid,30.961520863320903
2026-02-02 00:00:00,hyperliquid,30.686277515666237
2026-02-03 00:00:00,hyperliquid,33.418722707902404
2026-02-04 00:00:00,hyperliquid,32.578829416922886
2026-02-05 00:00:00,hyperliquid,35.56021974013649
2026-02-06 00:00:00,hyperliquid,33.02058631109706
2026-02-07 00:00:00,hyperliquid,32.445257116547616
2026-02-08 00:00:00,hyperliquid,31.389434147439793
2026-02-09 00:00:00,hyperliquid,32.42555430556594
2026-02-10 00:00:00,hyperliquid,31.368875458738398
2026-02-11 00:00:00,hyperliquid,28.813907538256096
2026-02-12 00:00:00,hyperliquid,29.3279722661655
2026-02-13 00:00:00,hyperliquid,30.907814600515607
2026-02-14 00:00:00,hyperliquid,31.617517764866257
2026-02-15 00:00:00,hyperliquid,31.891274295562127
2026-02-16 00:00:00,hyperliquid,30.627675338480653
2026-02-17 00:00:00,hyperliquid,31.084111692658464
2026-02-18 00:00:00,hyperliquid,29.598174231537982
2026-02-19 00:00:00,hyperliquid,28.58965464345228
2026-02-20 00:00:00,hyperliquid,29.04516226163693
2026-02-21 00:00:00,hyperliquid,30.350657844448204
2026-02-22 00:00:00,hyperliquid,29.73259365918587
2026-02-23 00:00:00,hyperliquid,28.9682922388054
2026-02-24 00:00:00,hyperliquid,26.26063342907572
2026-02-25 00:00:00,hyperliquid,27.18191034476032
2026-02-26 00:00:00,hyperliquid,27.77786371564621
2026-02-27 00:00:00,hyperliquid,28.173414618517096
2026-02-28 00:00:00,hyperliquid,27.26706748440402
2026-03-01 00:00:00,hyperliquid,31.206103588450606
2026-03-02 00:00:00,hyperliquid,31.696628568210063
2026-03-03 00:00:00,hyperliquid,32.798616634844095
2026-03-04 00:00:00,hyperliquid,31.345217910065475
2026-03-05 00:00:00,hyperliquid,32.305857634390115
2026-03-06 00:00:00,hyperliquid,30.595448984512085
2026-03-07 00:00:00,hyperliquid,31.156275384799585
2026-03-08 00:00:00,hyperliquid,30.287276306480123
2026-03-09 00:00:00,hyperliquid,30.75364196232185
2026-03-10 00:00:00,hyperliquid,34.79556737654389
2026-03-11 00:00:00,hyperliquid,34.112814457671234
2026-03-12 00:00:00,hyperliquid,36.252646028770464
2026-03-13 00:00:00,hyperliquid,37.352025734826505
2026-03-14 00:00:00,hyperliquid,36.431672131816015
2026-03-15 00:00:00,hyperliquid,37.879241152118986
2026-03-16 00:00:00,hyperliquid,37.27521040239698
2026-03-17 00:00:00,hyperliquid,40.759022481593156
2026-03-18 00:00:00,hyperliquid,41.212114544274634
2026-03-19 00:00:00,hyperliquid,42.15477523509572
2026-03-20 00:00:00,hyperliquid,39.157951460286014
2026-03-21 00:00:00,hyperliquid,39.536643681726126
2026-03-22 00:00:00,hyperliquid,39.412845115112134
2026-03-23 00:00:00,hyperliquid,38.384091659026105
2026-03-24 00:00:00,hyperliquid,37.19919829820406
2026-03-25 00:00:00,hyperliquid,40.35505195463291
2026-03-26 00:00:00,hyperliquid,40.264126986380155
2026-03-27 00:00:00,hyperliquid,39.04217745870348
2026-03-28 00:00:00,hyperliquid,38.58717920345506
2026-03-29 00:00:00,hyperliquid,39.450764954560455
2026-03-30 00:00:00,hyperliquid,37.825855566286805
2026-03-31 00:00:00,hyperliquid,36.766318211381545
2026-04-01 00:00:00,hyperliquid,36.5524523419518
2026-04-02 00:00:00,hyperliquid,35.981977363924265
2026-04-03 00:00:00,hyperliquid,35.20903248641202
2026-04-04 00:00:00,hyperliquid,35.594493366686834
2026-04-05 00:00:00,hyperliquid,36.46802455721605
2026-04-06 00:00:00,hyperliquid,36.92873324679326
2026-04-07 00:00:00,hyperliquid,36.335864924806764
2026-04-08 00:00:00,hyperliquid,38.70338354449865
2026-04-09 00:00:00,hyperliquid,38.73730874049812
2026-04-10 00:00:00,hyperliquid,39.43769631028789
2026-04-11 00:00:00,hyperliquid,41.58982010070348
2026-04-12 00:00:00,hyperliquid,42.25273013544496
2026-04-13 00:00:00,hyperliquid,40.84057383355932
2026-04-14 00:00:00,hyperliquid,44.31564947795945
2026-04-15 00:00:00,hyperliquid,43.500090439789425
2026-04-16 00:00:00,hyperliquid,44.63665633343985
2026-04-17 00:00:00,hyperliquid,43.86652522816223
2026-04-18 00:00:00,hyperliquid,44.55257685189653
2026-04-19 00:00:00,hyperliquid,43.85068364932832
2026-04-20 00:00:00,hyperliquid,40.64327342841985
2026-04-21 00:00:00,hyperliquid,40.59229077733377
2026-04-22 00:00:00,hyperliquid,39.82201779473879
2026-04-23 00:00:00,hyperliquid,41.20452868445118
2026-04-24 00:00:00,hyperliquid,41.27577675882467
2026-04-25 00:00:00,hyperliquid,41.13230817744893
2026-04-26 00:00:00,hyperliquid,41.4890918997354
2026-04-27 00:00:00,hyperliquid,42.53744233494801
2026-04-28 00:00:00,hyperliquid,41.59844410694386
2026-04-29 00:00:00,hyperliquid,40.09985000137028
2026-04-30 00:00:00,hyperliquid,39.94540719085675
2026-05-01 00:00:00,hyperliquid,39.668522814724625
2026-05-02 00:00:00,hyperliquid,41.128410791536396
2026-05-03 00:00:00,hyperliquid,41.293629795689256
2026-05-04 00:00:00,hyperliquid,41.488044387977745
2026-05-05 00:00:00,hyperliquid,41.80874227472581
2026-05-06 00:00:00,hyperliquid,43.69117425457619
2026-05-07 00:00:00,hyperliquid,43.020729474192095
2026-05-08 00:00:00,hyperliquid,42.50435119516724
2026-05-09 00:00:00,hyperliquid,43.170899201278985
2026-05-10 00:00:00,hyperliquid,42.947494057193396
2026-05-11 00:00:00,hyperliquid,43.09429900877976
2026-05-11 08:50:09,hyperliquid,41.893712669359225
2026-01-12 00:00:00,zcash,380.5548521563651
2026-01-13 00:00:00,zcash,406.55894105629153
2026-01-14 00:00:00,zcash,404.7380180724365
2026-01-15 00:00:00,zcash,447.24244237763645
2026-01-16 00:00:00,zcash,414.166317814004
2026-01-17 00:00:00,zcash,412.4006483763522
2026-01-18 00:00:00,zcash,398.662928855746
2026-01-19 00:00:00,zcash,378.520446096856
2026-01-20 00:00:00,zcash,369.20462793549933
2026-01-21 00:00:00,zcash,349.3266628657118
2026-01-22 00:00:00,zcash,357.2009281012832
2026-01-23 00:00:00,zcash,365.0283431512186
2026-01-24 00:00:00,zcash,367.29239535429633
2026-01-25 00:00:00,zcash,359.0086940816911
2026-01-26 00:00:00,zcash,329.61857163215615
2026-01-27 00:00:00,zcash,367.83981253715575
2026-01-28 00:00:00,zcash,399.2869776939386
2026-01-29 00:00:00,zcash,370.80850136133625
2026-01-30 00:00:00,zcash,352.1131221262222
2026-01-31 00:00:00,zcash,339.66340304984544
2026-02-01 00:00:00,zcash,300.99463686910264
2026-02-02 00:00:00,zcash,304.9226196521435
2026-02-03 00:00:00,zcash,295.28512382080095
2026-02-04 00:00:00,zcash,270.2421924555563
2026-02-05 00:00:00,zcash,252.32465573826929
2026-02-06 00:00:00,zcash,205.42239217563008
2026-02-07 00:00:00,zcash,240.51909880627602
2026-02-08 00:00:00,zcash,240.91577509506553
2026-02-09 00:00:00,zcash,239.72008061794972
2026-02-10 00:00:00,zcash,240.6758457039432
2026-02-11 00:00:00,zcash,233.80333978553824
2026-02-12 00:00:00,zcash,240.05716506704877
2026-02-13 00:00:00,zcash,232.5842085251716
2026-02-14 00:00:00,zcash,268.67772996566237
2026-02-15 00:00:00,zcash,322.79972387665504
2026-02-16 00:00:00,zcash,296.50915721791864
2026-02-17 00:00:00,zcash,293.76482678781394
2026-02-18 00:00:00,zcash,295.63316046177425
2026-02-19 00:00:00,zcash,263.903420559376
2026-02-20 00:00:00,zcash,263.2700036005323
2026-02-21 00:00:00,zcash,258.4259228563092
2026-02-22 00:00:00,zcash,260.2070258006706
2026-02-23 00:00:00,zcash,244.46442195464974
2026-02-24 00:00:00,zcash,237.57002429255465
2026-02-25 00:00:00,zcash,243.1805141029652
2026-02-26 00:00:00,zcash,244.6155516851115
2026-02-27 00:00:00,zcash,238.2745436814874
2026-02-28 00:00:00,zcash,218.9352929457411
2026-03-01 00:00:00,zcash,219.91273420542396
2026-03-02 00:00:00,zcash,213.3167212175494
2026-03-03 00:00:00,zcash,224.32991545827423
2026-03-04 00:00:00,zcash,222.3142821806681
2026-03-05 00:00:00,zcash,244.09230485506944
2026-03-06 00:00:00,zcash,227.7411389838797
2026-03-07 00:00:00,zcash,210.42017363730872
2026-03-08 00:00:00,zcash,197.15409106269988
2026-03-09 00:00:00,zcash,197.73775089631528
2026-03-10 00:00:00,zcash,213.55414211811362
2026-03-11 00:00:00,zcash,222.93067395756958
2026-03-12 00:00:00,zcash,212.90461436651728
2026-03-13 00:00:00,zcash,208.7067105454261
2026-03-14 00:00:00,zcash,207.98290129494885
2026-03-15 00:00:00,zcash,212.93793989974475
2026-03-16 00:00:00,zcash,228.51373811206855
2026-03-17 00:00:00,zcash,281.6777174457932
2026-03-18 00:00:00,zcash,271.55951566493485
2026-03-19 00:00:00,zcash,248.36156908773762
2026-03-20 00:00:00,zcash,234.67988560426082
2026-03-21 00:00:00,zcash,234.54868453823812
2026-03-22 00:00:00,zcash,222.64053935365934
2026-03-23 00:00:00,zcash,217.02626903693118
2026-03-24 00:00:00,zcash,228.02960376111452
2026-03-25 00:00:00,zcash,242.0011140653153
2026-03-26 00:00:00,zcash,231.16842707231524
2026-03-27 00:00:00,zcash,222.04311212556595
2026-03-28 00:00:00,zcash,215.4385687387442
2026-03-29 00:00:00,zcash,213.0177683980204
2026-03-30 00:00:00,zcash,214.41348860505153
2026-03-31 00:00:00,zcash,225.4620277907673
2026-04-01 00:00:00,zcash,248.48611159741228
2026-04-02 00:00:00,zcash,251.29890994437298
2026-04-03 00:00:00,zcash,240.7020244979299
2026-04-04 00:00:00,zcash,233.84998562132057
2026-04-05 00:00:00,zcash,250.5362122586598
2026-04-06 00:00:00,zcash,244.70169008183814
2026-04-07 00:00:00,zcash,251.7154542250253
2026-04-08 00:00:00,zcash,320.8270897465112
2026-04-09 00:00:00,zcash,323.3885022331603
2026-04-10 00:00:00,zcash,369.0598285428225
2026-04-11 00:00:00,zcash,373.47843106946374
2026-04-12 00:00:00,zcash,370.70753953285333
2026-04-13 00:00:00,zcash,361.0704204182261
2026-04-14 00:00:00,zcash,366.899229232144
2026-04-15 00:00:00,zcash,353.86052423021636
2026-04-16 00:00:00,zcash,345.4586103038924
2026-04-17 00:00:00,zcash,339.6963131049256
2026-04-18 00:00:00,zcash,328.7772084846692
2026-04-19 00:00:00,zcash,324.91730520887876
2026-04-20 00:00:00,zcash,301.7927502006653
2026-04-21 00:00:00,zcash,311.8082402707288
2026-04-22 00:00:00,zcash,316.8061834737797
2026-04-23 00:00:00,zcash,317.5042423159061
2026-04-24 00:00:00,zcash,342.10982042935774
2026-04-25 00:00:00,zcash,359.9643389257194
2026-04-26 00:00:00,zcash,359.2971851954967
2026-04-27 00:00:00,zcash,354.95062519461754
2026-04-28 00:00:00,zcash,355.5024400066693
2026-04-29 00:00:00,zcash,335.6366671423105
2026-04-30 00:00:00,zcash,326.70516623332554
2026-05-01 00:00:00,zcash,350.72627032834475
2026-05-02 00:00:00,zcash,384.42523787907635
2026-05-03 00:00:00,zcash,387.4916095018234
2026-05-04 00:00:00,zcash,412.2107497460002
2026-05-05 00:00:00,zcash,424.6128798447222
2026-05-06 00:00:00,zcash,514.7987971536368
2026-05-07 00:00:00,zcash,555.4609191521345
2026-05-08 00:00:00,zcash,571.5925245688386
2026-05-09 00:00:00,zcash,612.8315057246364
2026-05-10 00:00:00,zcash,594.8602073014456
2026-05-11 00:00:00,zcash,592.9319179698782
2026-05-11 08:50:10,zcash,571.8092575463664
2026-01-12 00:00:00,leo-token,9.096455174647478
2026-01-13 00:00:00,leo-token,9.06452716165306
2026-01-14 00:00:00,leo-token,9.054946860845307
2026-01-15 00:00:00,leo-token,8.71128806434373
2026-01-16 00:00:00,leo-token,8.907527985642956
2026-01-17 00:00:00,leo-token,8.89348333629391
2026-01-18 00:00:00,leo-token,9.046739644354464
2026-01-19 00:00:00,leo-token,9.202309853631883
2026-01-20 00:00:00,leo-token,8.97016212660374
2026-01-21 00:00:00,leo-token,8.740787989334438
2026-01-22 00:00:00,leo-token,8.850086940111355
2026-01-23 00:00:00,leo-token,8.806747153058716
2026-01-24 00:00:00,leo-token,8.899458966922293
2026-01-25 00:00:00,leo-token,8.98982229947201
2026-01-26 00:00:00,leo-token,9.00534703797131
2026-01-27 00:00:00,leo-token,9.1295332787501
2026-01-28 00:00:00,leo-token,9.091742294807318
2026-01-29 00:00:00,leo-token,9.21871711126562
2026-01-30 00:00:00,leo-token,9.224902419592233
2026-01-31 00:00:00,leo-token,9.236939075026843
2026-02-01 00:00:00,leo-token,8.76100147516166
2026-02-02 00:00:00,leo-token,8.36910343332439
2026-02-03 00:00:00,leo-token,8.571581090915094
2026-02-04 00:00:00,leo-token,8.863245150288732
2026-02-05 00:00:00,leo-token,8.8641854762385
2026-02-06 00:00:00,leo-token,6.821868314450288
2026-02-07 00:00:00,leo-token,7.8968446797433405
2026-02-08 00:00:00,leo-token,7.819284681522228
2026-02-09 00:00:00,leo-token,8.399895180840872
2026-02-10 00:00:00,leo-token,8.5600998884649
2026-02-11 00:00:00,leo-token,8.707549728047235
2026-02-12 00:00:00,leo-token,8.437591231130721
2026-02-13 00:00:00,leo-token,8.296018893276326
2026-02-14 00:00:00,leo-token,8.429017043040217
2026-02-15 00:00:00,leo-token,8.663792885490782
2026-02-16 00:00:00,leo-token,8.420574069441942
2026-02-17 00:00:00,leo-token,8.488617357861001
2026-02-18 00:00:00,leo-token,8.686154275005693
2026-02-19 00:00:00,leo-token,8.522959109361027
2026-02-20 00:00:00,leo-token,8.678435488538176
2026-02-21 00:00:00,leo-token,8.696428409769588
2026-02-22 00:00:00,leo-token,8.371507970268576
2026-02-23 00:00:00,leo-token,8.196992558471138
2026-02-24 00:00:00,leo-token,8.053864304313098
2026-02-25 00:00:00,leo-token,8.563345961460824
2026-02-26 00:00:00,leo-token,8.764723366304965
2026-02-27 00:00:00,leo-token,8.77023963471305
2026-02-28 00:00:00,leo-token,8.794214413789554
2026-03-01 00:00:00,leo-token,8.955760776452756
2026-03-02 00:00:00,leo-token,9.09996128713966
2026-03-03 00:00:00,leo-token,9.04712276735259
2026-03-04 00:00:00,leo-token,9.215579504913915
2026-03-05 00:00:00,leo-token,9.06146555643552
2026-03-06 00:00:00,leo-token,9.04514077841039
2026-03-07 00:00:00,leo-token,9.068602784435813
2026-03-08 00:00:00,leo-token,9.062266823104958
2026-03-09 00:00:00,leo-token,9.037479859545885
2026-03-10 00:00:00,leo-token,9.221819940307947
2026-03-11 00:00:00,leo-token,9.180892859034525
2026-03-12 00:00:00,leo-token,9.112350982810543
2026-03-13 00:00:00,leo-token,9.054064744488699
2026-03-14 00:00:00,leo-token,9.067955798824183
2026-03-15 00:00:00,leo-token,9.074276560878358
2026-03-16 00:00:00,leo-token,9.066580542256498
2026-03-17 00:00:00,leo-token,9.064884933225711
2026-03-18 00:00:00,leo-token,9.06727366901239
2026-03-19 00:00:00,leo-token,9.063100480177996
2026-03-20 00:00:00,leo-token,9.183629146129562
2026-03-21 00:00:00,leo-token,9.218853708260964
2026-03-22 00:00:00,leo-token,9.227274483390575
2026-03-23 00:00:00,leo-token,9.246941687838229
2026-03-24 00:00:00,leo-token,9.38617389089839
2026-03-25 00:00:00,leo-token,9.463666048692469
2026-03-26 00:00:00,leo-token,9.488989492985697
2026-03-27 00:00:00,leo-token,9.521535281226958
2026-03-28 00:00:00,leo-token,9.534827464421658
2026-03-29 00:00:00,leo-token,9.585386516922997
2026-03-30 00:00:00,leo-token,9.67327033251738
2026-03-31 00:00:00,leo-token,9.68932681884725
2026-04-01 00:00:00,leo-token,9.995113998618471
2026-04-02 00:00:00,leo-token,10.021514416980558
2026-04-03 00:00:00,leo-token,10.022924222827912
2026-04-04 00:00:00,leo-token,10.051220098922192
2026-04-05 00:00:00,leo-token,10.08375770398495
2026-04-06 00:00:00,leo-token,10.095002178523991
2026-04-07 00:00:00,leo-token,10.119176692319014
2026-04-08 00:00:00,leo-token,10.116175166916284
2026-04-09 00:00:00,leo-token,10.111551993812494
2026-04-10 00:00:00,leo-token,10.09913512436441
2026-04-11 00:00:00,leo-token,10.1176100764298
2026-04-12 00:00:00,leo-token,10.131102844622498
2026-04-13 00:00:00,leo-token,10.120674583396722
2026-04-14 00:00:00,leo-token,10.114407763214446
2026-04-15 00:00:00,leo-token,10.135956941494147
2026-04-16 00:00:00,leo-token,10.137314353995171
2026-04-17 00:00:00,leo-token,10.144075627516347
2026-04-18 00:00:00,leo-token,10.136793262460769
2026-04-19 00:00:00,leo-token,10.149608292272964
2026-04-20 00:00:00,leo-token,10.151658880383922
2026-04-21 00:00:00,leo-token,10.294069739225217
2026-04-22 00:00:00,leo-token,10.356335243941144
2026-04-23 00:00:00,leo-token,10.278011660889536
2026-04-24 00:00:00,leo-token,10.2872995019338
2026-04-25 00:00:00,leo-token,10.247334719878017
2026-04-26 00:00:00,leo-token,10.259070927352193
2026-04-27 00:00:00,leo-token,10.366776148608587
2026-04-28 00:00:00,leo-token,10.367072090129543
2026-04-29 00:00:00,leo-token,10.335409450986681
2026-04-30 00:00:00,leo-token,10.356787085326847
2026-05-01 00:00:00,leo-token,10.333424510554066
2026-05-02 00:00:00,leo-token,10.337746099352875
2026-05-03 00:00:00,leo-token,10.297597879802112
2026-05-04 00:00:00,leo-token,10.30249872350147
2026-05-05 00:00:00,leo-token,10.311616426438109
2026-05-06 00:00:00,leo-token,10.34092344361016
2026-05-07 00:00:00,leo-token,10.34241626689228
2026-05-08 00:00:00,leo-token,10.344990365954319
2026-05-09 00:00:00,leo-token,10.309735939431986
2026-05-10 00:00:00,leo-token,10.33108527392176
2026-05-11 00:00:00,leo-token,10.097563817341946
2026-05-11 08:50:12,leo-token,10.213771995725121
2026-01-12 00:00:00,bitcoin-cash,647.9035279092817
2026-01-13 00:00:00,bitcoin-cash,621.5140466161561
2026-01-14 00:00:00,bitcoin-cash,616.2112107152102
2026-01-15 00:00:00,bitcoin-cash,597.3660575341696
2026-01-16 00:00:00,bitcoin-cash,591.6800613143417
2026-01-17 00:00:00,bitcoin-cash,599.8316906620653
2026-01-18 00:00:00,bitcoin-cash,593.8216577699762
2026-01-19 00:00:00,bitcoin-cash,592.7403471966172
2026-01-20 00:00:00,bitcoin-cash,584.5364400718685
2026-01-21 00:00:00,bitcoin-cash,572.9946791762592
2026-01-22 00:00:00,bitcoin-cash,584.5477916281264
2026-01-23 00:00:00,bitcoin-cash,598.3848322244291
2026-01-24 00:00:00,bitcoin-cash,594.5129819514659
2026-01-25 00:00:00,bitcoin-cash,593.6188717289878
2026-01-26 00:00:00,bitcoin-cash,571.3059563079598
2026-01-27 00:00:00,bitcoin-cash,579.3493920514555
2026-01-28 00:00:00,bitcoin-cash,600.9225898687637
2026-01-29 00:00:00,bitcoin-cash,590.1080745982141
2026-01-30 00:00:00,bitcoin-cash,554.2867920058853
2026-01-31 00:00:00,bitcoin-cash,552.0503533827168
2026-02-01 00:00:00,bitcoin-cash,505.9748655777871
2026-02-02 00:00:00,bitcoin-cash,516.6058101288709
2026-02-03 00:00:00,bitcoin-cash,540.4015405694337
2026-02-04 00:00:00,bitcoin-cash,524.7214958719106
2026-02-05 00:00:00,bitcoin-cash,532.6624392439062
2026-02-06 00:00:00,bitcoin-cash,456.80264588012176
2026-02-07 00:00:00,bitcoin-cash,524.1039601557462
2026-02-08 00:00:00,bitcoin-cash,525.2599724766135
2026-02-09 00:00:00,bitcoin-cash,527.264421760952
2026-02-10 00:00:00,bitcoin-cash,533.1407688918787
2026-02-11 00:00:00,bitcoin-cash,523.7353391131962
2026-02-12 00:00:00,bitcoin-cash,514.1258738938286
2026-02-13 00:00:00,bitcoin-cash,502.652441058332
2026-02-14 00:00:00,bitcoin-cash,565.1033243543384
2026-02-15 00:00:00,bitcoin-cash,563.0097860998433
2026-02-16 00:00:00,bitcoin-cash,553.9761518001486
2026-02-17 00:00:00,bitcoin-cash,569.0589010500645
2026-02-18 00:00:00,bitcoin-cash,563.4096487584459
2026-02-19 00:00:00,bitcoin-cash,556.627114351122
2026-02-20 00:00:00,bitcoin-cash,560.2952746109532
2026-02-21 00:00:00,bitcoin-cash,562.5924838476559
2026-02-22 00:00:00,bitcoin-cash,564.2404110072218
2026-02-23 00:00:00,bitcoin-cash,570.1934253307405
2026-02-24 00:00:00,bitcoin-cash,495.387816114636
2026-02-25 00:00:00,bitcoin-cash,484.84921873855404
2026-02-26 00:00:00,bitcoin-cash,492.38265166570216
2026-02-27 00:00:00,bitcoin-cash,478.78530385870397
2026-02-28 00:00:00,bitcoin-cash,461.3224764669776
2026-03-01 00:00:00,bitcoin-cash,457.3478296942567
2026-03-02 00:00:00,bitcoin-cash,442.1307657539486
2026-03-03 00:00:00,bitcoin-cash,444.50297043401287
2026-03-04 00:00:00,bitcoin-cash,445.0432229429956
2026-03-05 00:00:00,bitcoin-cash,467.6845407826632
2026-03-06 00:00:00,bitcoin-cash,461.94468485125014
2026-03-07 00:00:00,bitcoin-cash,450.1620364136594
2026-03-08 00:00:00,bitcoin-cash,449.7457494257968
2026-03-09 00:00:00,bitcoin-cash,442.232536605016
2026-03-10 00:00:00,bitcoin-cash,444.86952477890384
2026-03-11 00:00:00,bitcoin-cash,446.81530549677905
2026-03-12 00:00:00,bitcoin-cash,455.5826465260809
2026-03-13 00:00:00,bitcoin-cash,455.37592184011737
2026-03-14 00:00:00,bitcoin-cash,460.99206126403743
2026-03-15 00:00:00,bitcoin-cash,467.86228012589714
2026-03-16 00:00:00,bitcoin-cash,469.501391118082
2026-03-17 00:00:00,bitcoin-cash,479.44363526852493
2026-03-18 00:00:00,bitcoin-cash,471.08601347402515
2026-03-19 00:00:00,bitcoin-cash,456.6908824842406
2026-03-20 00:00:00,bitcoin-cash,454.857424948033
2026-03-21 00:00:00,bitcoin-cash,474.63046358012707
2026-03-22 00:00:00,bitcoin-cash,464.08932443731476
2026-03-23 00:00:00,bitcoin-cash,469.0903491006279
2026-03-24 00:00:00,bitcoin-cash,476.6568324706249
2026-03-25 00:00:00,bitcoin-cash,477.88628076659467
2026-03-26 00:00:00,bitcoin-cash,473.3738985510833
2026-03-27 00:00:00,bitcoin-cash,461.95324871198227
2026-03-28 00:00:00,bitcoin-cash,472.0769314230065
2026-03-29 00:00:00,bitcoin-cash,479.9448572092055
2026-03-30 00:00:00,bitcoin-cash,451.75510356342744
2026-03-31 00:00:00,bitcoin-cash,459.34723452927295
2026-04-01 00:00:00,bitcoin-cash,466.30774441279675
2026-04-02 00:00:00,bitcoin-cash,454.16803428295174
2026-04-03 00:00:00,bitcoin-cash,444.1578147830376
2026-04-04 00:00:00,bitcoin-cash,443.21101122834256
2026-04-05 00:00:00,bitcoin-cash,441.32668615549255
2026-04-06 00:00:00,bitcoin-cash,427.22163330892477
2026-04-07 00:00:00,bitcoin-cash,435.3040871041677
2026-04-08 00:00:00,bitcoin-cash,446.89480438041284
2026-04-09 00:00:00,bitcoin-cash,441.5023127252156
2026-04-10 00:00:00,bitcoin-cash,443.64882384549423
2026-04-11 00:00:00,bitcoin-cash,443.80410608738003
2026-04-12 00:00:00,bitcoin-cash,437.61481977682377
2026-04-13 00:00:00,bitcoin-cash,421.09227820028116
2026-04-14 00:00:00,bitcoin-cash,438.6726823494954
2026-04-15 00:00:00,bitcoin-cash,436.3583162496818
2026-04-16 00:00:00,bitcoin-cash,440.88774509853204
2026-04-17 00:00:00,bitcoin-cash,456.06727786397414
2026-04-18 00:00:00,bitcoin-cash,453.89210064514174
2026-04-19 00:00:00,bitcoin-cash,444.1813813014635
2026-04-20 00:00:00,bitcoin-cash,435.40858043369957
2026-04-21 00:00:00,bitcoin-cash,443.59775717920274
2026-04-22 00:00:00,bitcoin-cash,449.07233226047725
2026-04-23 00:00:00,bitcoin-cash,461.020021631327
2026-04-24 00:00:00,bitcoin-cash,460.55137942862933
2026-04-25 00:00:00,bitcoin-cash,456.3257475907967
2026-04-26 00:00:00,bitcoin-cash,453.06641476958
2026-04-27 00:00:00,bitcoin-cash,455.1010221206175
2026-04-28 00:00:00,bitcoin-cash,449.2955458379821
2026-04-29 00:00:00,bitcoin-cash,453.3414995968547
2026-04-30 00:00:00,bitcoin-cash,447.77042576688217
2026-05-01 00:00:00,bitcoin-cash,441.28767586524526
2026-05-02 00:00:00,bitcoin-cash,450.19885361247407
2026-05-03 00:00:00,bitcoin-cash,445.3566223316302
2026-05-04 00:00:00,bitcoin-cash,443.1751926955031
2026-05-05 00:00:00,bitcoin-cash,443.5439295100591
2026-05-06 00:00:00,bitcoin-cash,461.12234359077854
2026-05-07 00:00:00,bitcoin-cash,465.44743508259984
2026-05-08 00:00:00,bitcoin-cash,450.5569234067478
2026-05-09 00:00:00,bitcoin-cash,450.2634614757416
2026-05-10 00:00:00,bitcoin-cash,450.0431113625565
2026-05-11 00:00:00,bitcoin-cash,463.6328314127128
2026-05-11 08:50:12,bitcoin-cash,450.5542331230673
2026-01-12 00:00:00,chainlink,13.169588964727415
2026-01-13 00:00:00,chainlink,13.062957272463047
2026-01-14 00:00:00,chainlink,14.027675107567912
2026-01-15 00:00:00,chainlink,14.115125375804176
2026-01-16 00:00:00,chainlink,13.781062793994655
2026-01-17 00:00:00,chainlink,13.72703562236854
2026-01-18 00:00:00,chainlink,13.735277758944838
2026-01-19 00:00:00,chainlink,13.387442686105679
2026-01-20 00:00:00,chainlink,12.880350805135238
2026-01-21 00:00:00,chainlink,12.117060289923096
2026-01-22 00:00:00,chainlink,12.382273011535252
2026-01-23 00:00:00,chainlink,12.239624674429816
2026-01-24 00:00:00,chainlink,12.204294490228365
2026-01-25 00:00:00,chainlink,12.19453821267641
2026-01-26 00:00:00,chainlink,11.499234605799522
2026-01-27 00:00:00,chainlink,11.953424921895117
2026-01-28 00:00:00,chainlink,12.049389010069156
2026-01-29 00:00:00,chainlink,11.831573126749031
2026-01-30 00:00:00,chainlink,11.095640705017013
2026-01-31 00:00:00,chainlink,10.77115414725306
2026-02-01 00:00:00,chainlink,9.956789716795017
2026-02-02 00:00:00,chainlink,9.42838596673441
2026-02-03 00:00:00,chainlink,9.814099221735018
2026-02-04 00:00:00,chainlink,9.440161316839022
2026-02-05 00:00:00,chainlink,9.276886234579461
2026-02-06 00:00:00,chainlink,7.928695460118487
2026-02-07 00:00:00,chainlink,8.874878020980631
2026-02-08 00:00:00,chainlink,8.915418750827753
2026-02-09 00:00:00,chainlink,8.841054342320819
2026-02-10 00:00:00,chainlink,8.839535852917315
2026-02-11 00:00:00,chainlink,8.561298505661188
2026-02-12 00:00:00,chainlink,8.314060189805243
2026-02-13 00:00:00,chainlink,8.394021382785674
2026-02-14 00:00:00,chainlink,8.769210143416412
2026-02-15 00:00:00,chainlink,9.08902221758347
2026-02-16 00:00:00,chainlink,8.778179312087167
2026-02-17 00:00:00,chainlink,8.936811587029569
2026-02-18 00:00:00,chainlink,8.828613150390005
2026-02-19 00:00:00,chainlink,8.596909701581856
2026-02-20 00:00:00,chainlink,8.571050302696813
2026-02-21 00:00:00,chainlink,8.934791785414431
2026-02-22 00:00:00,chainlink,8.876851166157415
2026-02-23 00:00:00,chainlink,8.656360850068218
2026-02-24 00:00:00,chainlink,8.266534694412897
2026-02-25 00:00:00,chainlink,8.19620835801746
2026-02-26 00:00:00,chainlink,9.225164327725842
2026-02-27 00:00:00,chainlink,9.096825124709893
2026-02-28 00:00:00,chainlink,8.704723764872924
2026-03-01 00:00:00,chainlink,8.850000111419893
2026-03-02 00:00:00,chainlink,8.670509650359232
2026-03-03 00:00:00,chainlink,8.951077233683735
2026-03-04 00:00:00,chainlink,8.812967754011336
2026-03-05 00:00:00,chainlink,9.360538983067187
2026-03-06 00:00:00,chainlink,9.202425836706738
2026-03-07 00:00:00,chainlink,8.795506268836863
2026-03-08 00:00:00,chainlink,8.695049665712117
2026-03-09 00:00:00,chainlink,8.519551832899067
2026-03-10 00:00:00,chainlink,8.86192061599088
2026-03-11 00:00:00,chainlink,8.982156639574868
2026-03-12 00:00:00,chainlink,8.997627755557106
2026-03-13 00:00:00,chainlink,9.065236696929793
2026-03-14 00:00:00,chainlink,9.086092928887519
2026-03-15 00:00:00,chainlink,9.15499301957847
2026-03-16 00:00:00,chainlink,9.470695729485374
2026-03-17 00:00:00,chainlink,9.935684177029247
2026-03-18 00:00:00,chainlink,9.802204585409097
2026-03-19 00:00:00,chainlink,9.222609777299333
2026-03-20 00:00:00,chainlink,9.033477272117148
2026-03-21 00:00:00,chainlink,9.111917378274907
2026-03-22 00:00:00,chainlink,8.957444054706196
2026-03-23 00:00:00,chainlink,8.691234752460693
2026-03-24 00:00:00,chainlink,9.086751246987246
2026-03-25 00:00:00,chainlink,9.24711680724294
2026-03-26 00:00:00,chainlink,9.363213227921356
2026-03-27 00:00:00,chainlink,8.914044029011945
2026-03-28 00:00:00,chainlink,8.564605590905517
2026-03-29 00:00:00,chainlink,8.426145861572238
2026-03-30 00:00:00,chainlink,8.40206316104855
2026-03-31 00:00:00,chainlink,8.607635184561065
2026-04-01 00:00:00,chainlink,8.767772973398447
2026-04-02 00:00:00,chainlink,8.942542234854034
2026-04-03 00:00:00,chainlink,8.620000624970663
2026-04-04 00:00:00,chainlink,8.663488656751147
2026-04-05 00:00:00,chainlink,8.68649494276412
2026-04-06 00:00:00,chainlink,8.808680045286339
2026-04-07 00:00:00,chainlink,8.801133723230638
2026-04-08 00:00:00,chainlink,9.34176813679234
2026-04-09 00:00:00,chainlink,8.86131426029045
2026-04-10 00:00:00,chainlink,8.943814861662526
2026-04-11 00:00:00,chainlink,9.090400371025694
2026-04-12 00:00:00,chainlink,9.06862422725245
2026-04-13 00:00:00,chainlink,8.735984399441607
2026-04-14 00:00:00,chainlink,9.360752734200624
2026-04-15 00:00:00,chainlink,9.02043803689313
2026-04-16 00:00:00,chainlink,9.260009623378146
2026-04-17 00:00:00,chainlink,9.567099675206906
2026-04-18 00:00:00,chainlink,9.621608512511663
2026-04-19 00:00:00,chainlink,9.298176793759518
2026-04-20 00:00:00,chainlink,9.070771851596607
2026-04-21 00:00:00,chainlink,9.287233880586932
2026-04-22 00:00:00,chainlink,9.398122206581135
2026-04-23 00:00:00,chainlink,9.299861086020186
2026-04-24 00:00:00,chainlink,9.355585553641005
2026-04-25 00:00:00,chainlink,9.374297165305874
2026-04-26 00:00:00,chainlink,9.344227664867487
2026-04-27 00:00:00,chainlink,9.501299790529101
2026-04-28 00:00:00,chainlink,9.303525636267066
2026-04-29 00:00:00,chainlink,9.235069826776417
2026-04-30 00:00:00,chainlink,9.121482575268058
2026-05-01 00:00:00,chainlink,9.107805862948474
2026-05-02 00:00:00,chainlink,9.090192280847555
2026-05-03 00:00:00,chainlink,9.174224984169248
2026-05-04 00:00:00,chainlink,9.131812819110216
2026-05-05 00:00:00,chainlink,9.349074976338846
2026-05-06 00:00:00,chainlink,9.763248087726716
2026-05-07 00:00:00,chainlink,9.990435328005978
2026-05-08 00:00:00,chainlink,9.858922124659856
2026-05-09 00:00:00,chainlink,10.32069360098951
2026-05-10 00:00:00,chainlink,10.373088386596418
2026-05-11 00:00:00,chainlink,10.731085130288692
2026-05-11 08:50:12,chainlink,10.567483564508796
2026-01-12 00:00:00,monero,556.1780543134174
2026-01-13 00:00:00,monero,636.1468131701536
2026-01-14 00:00:00,monero,681.8092754863708
2026-01-15 00:00:00,monero,714.763152001471
2026-01-16 00:00:00,monero,681.8880253985895
2026-01-17 00:00:00,monero,622.4588982078498
2026-01-18 00:00:00,monero,583.5023207331644
2026-01-19 00:00:00,monero,576.8665505274912
2026-01-20 00:00:00,monero,623.8116780574073
2026-01-21 00:00:00,monero,503.7454206885835
2026-01-22 00:00:00,monero,521.6273879384471
2026-01-23 00:00:00,monero,516.0989243501434
2026-01-24 00:00:00,monero,511.54161815189786
2026-01-25 00:00:00,monero,502.4127690263202
2026-01-26 00:00:00,monero,449.23819533847256
2026-01-27 00:00:00,monero,460.5951086850334
2026-01-28 00:00:00,monero,470.1423110661693
2026-01-29 00:00:00,monero,469.0061874742139
2026-01-30 00:00:00,monero,459.5453725216559
2026-01-31 00:00:00,monero,460.95772615153714
2026-02-01 00:00:00,monero,464.1656416758452
2026-02-02 00:00:00,monero,406.65511022323227
2026-02-03 00:00:00,monero,387.80446493991536
2026-02-04 00:00:00,monero,372.53456181891175
2026-02-05 00:00:00,monero,382.88774606103846
2026-02-06 00:00:00,monero,292.7754588159286
2026-02-07 00:00:00,monero,321.56097959502426
2026-02-08 00:00:00,monero,329.7614930164202
2026-02-09 00:00:00,monero,318.21846355705617
2026-02-10 00:00:00,monero,335.0745253245773
2026-02-11 00:00:00,monero,343.9206078114155
2026-02-12 00:00:00,monero,345.90011059108025
2026-02-13 00:00:00,monero,334.00062371005066
2026-02-14 00:00:00,monero,350.53163328549635
2026-02-15 00:00:00,monero,357.73904457469007
2026-02-16 00:00:00,monero,331.1378884848502
2026-02-17 00:00:00,monero,326.3840237743234
2026-02-18 00:00:00,monero,332.72261167047026
2026-02-19 00:00:00,monero,330.68518103809566
2026-02-20 00:00:00,monero,337.2745911372541
2026-02-21 00:00:00,monero,331.4257290791802
2026-02-22 00:00:00,monero,326.52385152920124
2026-02-23 00:00:00,monero,327.74996774748183
2026-02-24 00:00:00,monero,307.24510860217543
2026-02-25 00:00:00,monero,321.1924244114616
2026-02-26 00:00:00,monero,343.7671179042462
2026-02-27 00:00:00,monero,343.1497376362758
2026-02-28 00:00:00,monero,337.572177169281
2026-03-01 00:00:00,monero,337.0006175790942
2026-03-02 00:00:00,monero,341.527965900937
2026-03-03 00:00:00,monero,345.7946381478271
2026-03-04 00:00:00,monero,341.0186349073368
2026-03-05 00:00:00,monero,356.95828555863187
2026-03-06 00:00:00,monero,362.47086075395396
2026-03-07 00:00:00,monero,351.8475472661261
2026-03-08 00:00:00,monero,345.7880806490261
2026-03-09 00:00:00,monero,335.1274504339611
2026-03-10 00:00:00,monero,340.98142974020783
2026-03-11 00:00:00,monero,352.93912971864154
2026-03-12 00:00:00,monero,352.5510541826661
2026-03-13 00:00:00,monero,350.24178389638155
2026-03-14 00:00:00,monero,357.46974655332485
2026-03-15 00:00:00,monero,355.25298430960714
2026-03-16 00:00:00,monero,358.1019275238262
2026-03-17 00:00:00,monero,373.52959166969254
2026-03-18 00:00:00,monero,368.37496526202165
2026-03-19 00:00:00,monero,346.3424118617712
2026-03-20 00:00:00,monero,339.2754719924069
2026-03-21 00:00:00,monero,348.07487858840443
2026-03-22 00:00:00,monero,343.67369059664213
2026-03-23 00:00:00,monero,362.6946359422909
2026-03-24 00:00:00,monero,351.07134685073976
2026-03-25 00:00:00,monero,340.21212143915
2026-03-26 00:00:00,monero,340.5437717312108
2026-03-27 00:00:00,monero,327.7772933462728
2026-03-28 00:00:00,monero,325.1388958023435
2026-03-29 00:00:00,monero,330.1785964838414
2026-03-30 00:00:00,monero,326.74024148649016
2026-03-31 00:00:00,monero,321.3051882227645
2026-04-01 00:00:00,monero,333.58437518515433
2026-04-02 00:00:00,monero,336.5134360251755
2026-04-03 00:00:00,monero,325.90846826182457
2026-04-04 00:00:00,monero,315.8632970228113
2026-04-05 00:00:00,monero,325.3754624552118
2026-04-06 00:00:00,monero,330.99652273476266
2026-04-07 00:00:00,monero,325.8246525162647
2026-04-08 00:00:00,monero,345.0508658306322
2026-04-09 00:00:00,monero,324.42838494956766
2026-04-10 00:00:00,monero,347.3806016925058
2026-04-11 00:00:00,monero,343.90770560500727
2026-04-12 00:00:00,monero,338.5469103305481
2026-04-13 00:00:00,monero,335.30142513037345
2026-04-14 00:00:00,monero,346.6980954635164
2026-04-15 00:00:00,monero,344.38004311624934
2026-04-16 00:00:00,monero,345.9935001042027
2026-04-17 00:00:00,monero,343.40406176323336
2026-04-18 00:00:00,monero,348.2395995146008
2026-04-19 00:00:00,monero,349.81259595715625
2026-04-20 00:00:00,monero,347.8028986923682
2026-04-21 00:00:00,monero,353.6439477669624
2026-04-22 00:00:00,monero,385.06685777606936
2026-04-23 00:00:00,monero,367.26505278413657
2026-04-24 00:00:00,monero,378.910214288783
2026-04-25 00:00:00,monero,368.11404699101325
2026-04-26 00:00:00,monero,372.8446144255028
2026-04-27 00:00:00,monero,393.0870357928841
2026-04-28 00:00:00,monero,379.8721597508599
2026-04-29 00:00:00,monero,378.1690792308379
2026-04-30 00:00:00,monero,376.31511941245196
2026-05-01 00:00:00,monero,379.51080352367416
2026-05-02 00:00:00,monero,379.1495533174289
2026-05-03 00:00:00,monero,383.2884480868286
2026-05-04 00:00:00,monero,391.72766493974825
2026-05-05 00:00:00,monero,405.79721464126396
2026-05-06 00:00:00,monero,411.56359385168446
2026-05-07 00:00:00,monero,415.8218614620367
2026-05-08 00:00:00,monero,399.73673794657356
2026-05-09 00:00:00,monero,400.91163937680375
2026-05-10 00:00:00,monero,410.2003726052284
2026-05-11 00:00:00,monero,410.61176030986377
2026-05-11 08:50:16,monero,411.0927270827021
2026-01-12 00:00:00,the-open-network,1.7454690458514222
2026-01-13 00:00:00,the-open-network,1.7267941906211184
2026-01-14 00:00:00,the-open-network,1.7967398042232234
2026-01-15 00:00:00,the-open-network,1.762124162290926
2026-01-16 00:00:00,the-open-network,1.693192356646981
2026-01-17 00:00:00,the-open-network,1.7199487739109225
2026-01-18 00:00:00,the-open-network,1.735197994032614
2026-01-19 00:00:00,the-open-network,1.6708722857040428
2026-01-20 00:00:00,the-open-network,1.5871272212418215
2026-01-21 00:00:00,the-open-network,1.5158264514967978
2026-01-22 00:00:00,the-open-network,1.55860290502106
2026-01-23 00:00:00,the-open-network,1.5395068662179698
2026-01-24 00:00:00,the-open-network,1.5295557732136817
2026-01-25 00:00:00,the-open-network,1.5351052091388513
2026-01-26 00:00:00,the-open-network,1.50278676026389
2026-01-27 00:00:00,the-open-network,1.5249875167537421
2026-01-28 00:00:00,the-open-network,1.5222594641810816
2026-01-29 00:00:00,the-open-network,1.5350334697661712
2026-01-30 00:00:00,the-open-network,1.4536202617992855
2026-01-31 00:00:00,the-open-network,1.4552499045904304
2026-02-01 00:00:00,the-open-network,1.3466814823244946
2026-02-02 00:00:00,the-open-network,1.3371632968082396
2026-02-03 00:00:00,the-open-network,1.3643557762651086
2026-02-04 00:00:00,the-open-network,1.3945958793133542
2026-02-05 00:00:00,the-open-network,1.3892886413458447
2026-02-06 00:00:00,the-open-network,1.2639912423467272
2026-02-07 00:00:00,the-open-network,1.396052251688319
2026-02-08 00:00:00,the-open-network,1.4223789133042084
2026-02-09 00:00:00,the-open-network,1.4037996810838578
2026-02-10 00:00:00,the-open-network,1.3604905484251595
2026-02-11 00:00:00,the-open-network,1.3395058760700413
2026-02-12 00:00:00,the-open-network,1.3161686609867906
2026-02-13 00:00:00,the-open-network,1.3879010727908898
2026-02-14 00:00:00,the-open-network,1.4557424444750282
2026-02-15 00:00:00,the-open-network,1.5003513259956516
2026-02-16 00:00:00,the-open-network,1.4710026386003041
2026-02-17 00:00:00,the-open-network,1.4492293288024838
2026-02-18 00:00:00,the-open-network,1.4246917505363204
2026-02-19 00:00:00,the-open-network,1.4114328774192304
2026-02-20 00:00:00,the-open-network,1.3630683234352512
2026-02-21 00:00:00,the-open-network,1.3317481464812766
2026-02-22 00:00:00,the-open-network,1.342332595266958
2026-02-23 00:00:00,the-open-network,1.3412567308841097
2026-02-24 00:00:00,the-open-network,1.3412638074413608
2026-02-25 00:00:00,the-open-network,1.2927309398767848
2026-02-26 00:00:00,the-open-network,1.2785707431562836
2026-02-27 00:00:00,the-open-network,1.2978871497659759
2026-02-28 00:00:00,the-open-network,1.2985954253239411
2026-03-01 00:00:00,the-open-network,1.2834494881727856
2026-03-02 00:00:00,the-open-network,1.201628906530845
2026-03-03 00:00:00,the-open-network,1.2254646457638294
2026-03-04 00:00:00,the-open-network,1.2510488651165848
2026-03-05 00:00:00,the-open-network,1.30307860996765
2026-03-06 00:00:00,the-open-network,1.3493245623572154
2026-03-07 00:00:00,the-open-network,1.3403679833541147
2026-03-08 00:00:00,the-open-network,1.3211816490851176
2026-03-09 00:00:00,the-open-network,1.3128494393963868
2026-03-10 00:00:00,the-open-network,1.328825295271241
2026-03-11 00:00:00,the-open-network,1.3197410101445484
2026-03-12 00:00:00,the-open-network,1.3332504825555445
2026-03-13 00:00:00,the-open-network,1.3070767612733618
2026-03-14 00:00:00,the-open-network,1.3128199504011715
2026-03-15 00:00:00,the-open-network,1.30121016999737
2026-03-16 00:00:00,the-open-network,1.304474299655696
2026-03-17 00:00:00,the-open-network,1.3334474695087006
2026-03-18 00:00:00,the-open-network,1.3417724670633024
2026-03-19 00:00:00,the-open-network,1.2990672428987913
2026-03-20 00:00:00,the-open-network,1.2235549678875837
2026-03-21 00:00:00,the-open-network,1.2573932804790022
2026-03-22 00:00:00,the-open-network,1.2585723765351073
2026-03-23 00:00:00,the-open-network,1.2508209178101128
2026-03-24 00:00:00,the-open-network,1.3148928433120433
2026-03-25 00:00:00,the-open-network,1.320553526711164
2026-03-26 00:00:00,the-open-network,1.3284343601468647
2026-03-27 00:00:00,the-open-network,1.2610589986280276
2026-03-28 00:00:00,the-open-network,1.2163028474095152
2026-03-29 00:00:00,the-open-network,1.2368338857301713
2026-03-30 00:00:00,the-open-network,1.2179085011262714
2026-03-31 00:00:00,the-open-network,1.223801907888122
2026-04-01 00:00:00,the-open-network,1.2183580984340823
2026-04-02 00:00:00,the-open-network,1.2350740745128448
2026-04-03 00:00:00,the-open-network,1.2325650225254154
2026-04-04 00:00:00,the-open-network,1.2404161837533583
2026-04-05 00:00:00,the-open-network,1.2380018068506013
2026-04-06 00:00:00,the-open-network,1.2520040717902912
2026-04-07 00:00:00,the-open-network,1.2359139383171052
2026-04-08 00:00:00,the-open-network,1.2494653933008575
2026-04-09 00:00:00,the-open-network,1.2350074903765291
2026-04-10 00:00:00,the-open-network,1.2459337977309795
2026-04-11 00:00:00,the-open-network,1.3082449725896002
2026-04-12 00:00:00,the-open-network,1.4552415193332384
2026-04-13 00:00:00,the-open-network,1.4514169373148322
2026-04-14 00:00:00,the-open-network,1.4383971152074368
2026-04-15 00:00:00,the-open-network,1.3936394895256214
2026-04-16 00:00:00,the-open-network,1.4059704111280793
2026-04-17 00:00:00,the-open-network,1.4329667416688132
2026-04-18 00:00:00,the-open-network,1.4188445957889966
2026-04-19 00:00:00,the-open-network,1.3149075550232934
2026-04-20 00:00:00,the-open-network,1.2883191764189472
2026-04-21 00:00:00,the-open-network,1.3469618210144094
2026-04-22 00:00:00,the-open-network,1.3635775128125192
2026-04-23 00:00:00,the-open-network,1.364040695839365
2026-04-24 00:00:00,the-open-network,1.3352661835211432
2026-04-25 00:00:00,the-open-network,1.3385324286491591
2026-04-26 00:00:00,the-open-network,1.3188408972435726
2026-04-27 00:00:00,the-open-network,1.316658409672188
2026-04-28 00:00:00,the-open-network,1.3064592137237527
2026-04-29 00:00:00,the-open-network,1.3016400859872646
2026-04-30 00:00:00,the-open-network,1.3216321082272415
2026-05-01 00:00:00,the-open-network,1.3337396688944327
2026-05-02 00:00:00,the-open-network,1.3194862331524801
2026-05-03 00:00:00,the-open-network,1.3436902959363446
2026-05-04 00:00:00,the-open-network,1.3524607984505372
2026-05-05 00:00:00,the-open-network,1.6461817257048963
2026-05-06 00:00:00,the-open-network,1.9567212070568614
2026-05-07 00:00:00,the-open-network,2.4656755984153134
2026-05-08 00:00:00,the-open-network,2.714947295508339
2026-05-09 00:00:00,the-open-network,2.524541853105084
2026-05-10 00:00:00,the-open-network,2.437631349180737
2026-05-11 00:00:00,the-open-network,2.4749928532103125
2026-05-11 08:50:25,the-open-network,2.3065290385966373
2026-01-12 00:00:00,canton-network,0.14782473006726163
2026-01-13 00:00:00,canton-network,0.1445488259734508
2026-01-14 00:00:00,canton-network,0.15085883425026494
2026-01-15 00:00:00,canton-network,0.13635938544014284
2026-01-16 00:00:00,canton-network,0.13447777704068117
2026-01-17 00:00:00,canton-network,0.1262596431071564
2026-01-18 00:00:00,canton-network,0.1201651679159295
2026-01-19 00:00:00,canton-network,0.11982305821677432
2026-01-20 00:00:00,canton-network,0.11789444628965412
2026-01-21 00:00:00,canton-network,0.12612601430623221
2026-01-22 00:00:00,canton-network,0.14734035640239607
2026-01-23 00:00:00,canton-network,0.14187712989063275
2026-01-24 00:00:00,canton-network,0.15476240812028502
2026-01-25 00:00:00,canton-network,0.15488507560206013
2026-01-26 00:00:00,canton-network,0.14238390174230597
2026-01-27 00:00:00,canton-network,0.15683461293103038
2026-01-28 00:00:00,canton-network,0.15549807150233064
2026-01-29 00:00:00,canton-network,0.16174618674813324
2026-01-30 00:00:00,canton-network,0.17974535703746206
2026-01-31 00:00:00,canton-network,0.18112130926624578
2026-02-01 00:00:00,canton-network,0.18287356214458086
2026-02-02 00:00:00,canton-network,0.17655266426339103
2026-02-03 00:00:00,canton-network,0.1880069101071145
2026-02-04 00:00:00,canton-network,0.1807838045931322
2026-02-05 00:00:00,canton-network,0.17542662880534732
2026-02-06 00:00:00,canton-network,0.16147311059046593
2026-02-07 00:00:00,canton-network,0.1757389178719758
2026-02-08 00:00:00,canton-network,0.16818147570577777
2026-02-09 00:00:00,canton-network,0.1696713536615327
2026-02-10 00:00:00,canton-network,0.16590381555917036
2026-02-11 00:00:00,canton-network,0.16983775305337434
2026-02-12 00:00:00,canton-network,0.1623518663412993
2026-02-13 00:00:00,canton-network,0.16399920673642585
2026-02-14 00:00:00,canton-network,0.1576976928202172
2026-02-15 00:00:00,canton-network,0.1660596857486157
2026-02-16 00:00:00,canton-network,0.16201871413503016
2026-02-17 00:00:00,canton-network,0.1599097356057731
2026-02-18 00:00:00,canton-network,0.16495444629758224
2026-02-19 00:00:00,canton-network,0.16565685892277865
2026-02-20 00:00:00,canton-network,0.15814857049870798
2026-02-21 00:00:00,canton-network,0.1584377506356739
2026-02-22 00:00:00,canton-network,0.1596425083884031
2026-02-23 00:00:00,canton-network,0.1600813021459411
2026-02-24 00:00:00,canton-network,0.1627648886780795
2026-02-25 00:00:00,canton-network,0.16003396843480197
2026-02-26 00:00:00,canton-network,0.16918503534057341
2026-02-27 00:00:00,canton-network,0.17312314987990887
2026-02-28 00:00:00,canton-network,0.17046379434284564
2026-03-01 00:00:00,canton-network,0.1683923412292339
2026-03-02 00:00:00,canton-network,0.16177354398446103
2026-03-03 00:00:00,canton-network,0.15925621827538466
2026-03-04 00:00:00,canton-network,0.1577251757794238
2026-03-05 00:00:00,canton-network,0.15522221233395886
2026-03-06 00:00:00,canton-network,0.15261575322711238
2026-03-07 00:00:00,canton-network,0.15372764586974122
2026-03-08 00:00:00,canton-network,0.15259165114465278
2026-03-09 00:00:00,canton-network,0.15013265752320185
2026-03-10 00:00:00,canton-network,0.14448175876987798
2026-03-11 00:00:00,canton-network,0.1488726366155289
2026-03-12 00:00:00,canton-network,0.15384806777871923
2026-03-13 00:00:00,canton-network,0.1470078087573041
2026-03-14 00:00:00,canton-network,0.1526348986819748
2026-03-15 00:00:00,canton-network,0.15125692112415268
2026-03-16 00:00:00,canton-network,0.15063264223417028
2026-03-17 00:00:00,canton-network,0.15469371832061213
2026-03-18 00:00:00,canton-network,0.15042196101873329
2026-03-19 00:00:00,canton-network,0.14677016532112866
2026-03-20 00:00:00,canton-network,0.14403428617582498
2026-03-21 00:00:00,canton-network,0.14485882417614568
2026-03-22 00:00:00,canton-network,0.14491263513347644
2026-03-23 00:00:00,canton-network,0.14237565422560305
2026-03-24 00:00:00,canton-network,0.14455778840612685
2026-03-25 00:00:00,canton-network,0.14053871125941877
2026-03-26 00:00:00,canton-network,0.1430558162602202
2026-03-27 00:00:00,canton-network,0.14267409609777537
2026-03-28 00:00:00,canton-network,0.1407861395702565
2026-03-29 00:00:00,canton-network,0.15383549089587786
2026-03-30 00:00:00,canton-network,0.1507295986544622
2026-03-31 00:00:00,canton-network,0.14752855494855535
2026-04-01 00:00:00,canton-network,0.1506815681079232
2026-04-02 00:00:00,canton-network,0.14228298823734148
2026-04-03 00:00:00,canton-network,0.1434973565004562
2026-04-04 00:00:00,canton-network,0.1393927429263687
2026-04-05 00:00:00,canton-network,0.13940277349782437
2026-04-06 00:00:00,canton-network,0.13998791913088945
2026-04-07 00:00:00,canton-network,0.1453712640668328
2026-04-08 00:00:00,canton-network,0.14742221164555416
2026-04-09 00:00:00,canton-network,0.14082800169669538
2026-04-10 00:00:00,canton-network,0.15247075662453002
2026-04-11 00:00:00,canton-network,0.14690250263689877
2026-04-12 00:00:00,canton-network,0.146476508824924
2026-04-13 00:00:00,canton-network,0.14561623618642766
2026-04-14 00:00:00,canton-network,0.1522565171024674
2026-04-15 00:00:00,canton-network,0.14956709006398314
2026-04-16 00:00:00,canton-network,0.1500952533717098
2026-04-17 00:00:00,canton-network,0.14824442889054693
2026-04-18 00:00:00,canton-network,0.1501219771793954
2026-04-19 00:00:00,canton-network,0.14682784586269793
2026-04-20 00:00:00,canton-network,0.14737357858353667
2026-04-21 00:00:00,canton-network,0.15845882175143336
2026-04-22 00:00:00,canton-network,0.15114086825544137
2026-04-23 00:00:00,canton-network,0.15200220966183833
2026-04-24 00:00:00,canton-network,0.15058773039090043
2026-04-25 00:00:00,canton-network,0.15204776862101646
2026-04-26 00:00:00,canton-network,0.15162408631743649
2026-04-27 00:00:00,canton-network,0.1502078500167044
2026-04-28 00:00:00,canton-network,0.14775144287036207
2026-04-29 00:00:00,canton-network,0.14889612010453784
2026-04-30 00:00:00,canton-network,0.15130580202777216
2026-05-01 00:00:00,canton-network,0.15020552853637778
2026-05-02 00:00:00,canton-network,0.1495872047318053
2026-05-03 00:00:00,canton-network,0.14830076846345527
2026-05-04 00:00:00,canton-network,0.14775888421061661
2026-05-05 00:00:00,canton-network,0.1482192110603343
2026-05-06 00:00:00,canton-network,0.1474033255995703
2026-05-07 00:00:00,canton-network,0.14647253719261602
2026-05-08 00:00:00,canton-network,0.14542378767743802
2026-05-09 00:00:00,canton-network,0.1468290702211758
2026-05-10 00:00:00,canton-network,0.15679528051115404
2026-05-11 00:00:00,canton-network,0.15592702311235684
2026-05-11 08:50:28,canton-network,0.15351793789707163
2026-01-12 00:00:00,stellar,0.2241541694687845
2026-01-13 00:00:00,stellar,0.2193628680198299
2026-01-14 00:00:00,stellar,0.23761211633260484
2026-01-15 00:00:00,stellar,0.23634204216010643
2026-01-16 00:00:00,stellar,0.2282524912090395
2026-01-17 00:00:00,stellar,0.22622202596995852
2026-01-18 00:00:00,stellar,0.23032272104317184
2026-01-19 00:00:00,stellar,0.21863042556586776
2026-01-20 00:00:00,stellar,0.215951811365066
2026-01-21 00:00:00,stellar,0.20717469072479283
2026-01-22 00:00:00,stellar,0.21248417942292758
2026-01-23 00:00:00,stellar,0.21141542076784797
2026-01-24 00:00:00,stellar,0.21195585995881677
2026-01-25 00:00:00,stellar,0.21150923034117633
2026-01-26 00:00:00,stellar,0.20318992941481995
2026-01-27 00:00:00,stellar,0.2073087396685916
2026-01-28 00:00:00,stellar,0.20863473963477133
2026-01-29 00:00:00,stellar,0.2101436602326074
2026-01-30 00:00:00,stellar,0.19866649950908785
2026-01-31 00:00:00,stellar,0.19159838798662804
2026-02-01 00:00:00,stellar,0.1806603498227328
2026-02-02 00:00:00,stellar,0.1753376570771074
2026-02-03 00:00:00,stellar,0.178651780639661
2026-02-04 00:00:00,stellar,0.17522777570353945
2026-02-05 00:00:00,stellar,0.17134412716514907
2026-02-06 00:00:00,stellar,0.14736564206908975
2026-02-07 00:00:00,stellar,0.16381572034719252
2026-02-08 00:00:00,stellar,0.16201011116058214
2026-02-09 00:00:00,stellar,0.16183416681801005
2026-02-10 00:00:00,stellar,0.1597700081462279
2026-02-11 00:00:00,stellar,0.15827842669703127
2026-02-12 00:00:00,stellar,0.1544922170683907
2026-02-13 00:00:00,stellar,0.15615487119139193
2026-02-14 00:00:00,stellar,0.16448812684049788
2026-02-15 00:00:00,stellar,0.17452817069470056
2026-02-16 00:00:00,stellar,0.17027320330135207
2026-02-17 00:00:00,stellar,0.1699163225775833
2026-02-18 00:00:00,stellar,0.16575887377414442
2026-02-19 00:00:00,stellar,0.1613031023072385
2026-02-20 00:00:00,stellar,0.15876265166059292
2026-02-21 00:00:00,stellar,0.16253949993982894
2026-02-22 00:00:00,stellar,0.16101303617167134
2026-02-23 00:00:00,stellar,0.15476530984108866
2026-02-24 00:00:00,stellar,0.1513046392605966
2026-02-25 00:00:00,stellar,0.14971803107452053
2026-02-26 00:00:00,stellar,0.16218654003657254
2026-02-27 00:00:00,stellar,0.1620442453326973
2026-02-28 00:00:00,stellar,0.15888405916526935
2026-03-01 00:00:00,stellar,0.1595129859566609
2026-03-02 00:00:00,stellar,0.15426574287925043
2026-03-03 00:00:00,stellar,0.15566052565475183
2026-03-04 00:00:00,stellar,0.15144277456494712
2026-03-05 00:00:00,stellar,0.1598423150189951
2026-03-06 00:00:00,stellar,0.15682683026760036
2026-03-07 00:00:00,stellar,0.15218007885943743
2026-03-08 00:00:00,stellar,0.1503187573081267
2026-03-09 00:00:00,stellar,0.14844547664001195
2026-03-10 00:00:00,stellar,0.1506535230376397
2026-03-11 00:00:00,stellar,0.15868692210151553
2026-03-12 00:00:00,stellar,0.15915413474154855
2026-03-13 00:00:00,stellar,0.16031091330291394
2026-03-14 00:00:00,stellar,0.1637084522881507
2026-03-15 00:00:00,stellar,0.16649079793377283
2026-03-16 00:00:00,stellar,0.16890999629653003
2026-03-17 00:00:00,stellar,0.17652542102050603
2026-03-18 00:00:00,stellar,0.17385013065606483
2026-03-19 00:00:00,stellar,0.16973542404755884
2026-03-20 00:00:00,stellar,0.16502810430897646
2026-03-21 00:00:00,stellar,0.1656272619428542
2026-03-22 00:00:00,stellar,0.16341297734775506
2026-03-23 00:00:00,stellar,0.1561462977216837
2026-03-24 00:00:00,stellar,0.1662080060835768
2026-03-25 00:00:00,stellar,0.1745752768673901
2026-03-26 00:00:00,stellar,0.1774308987286108
2026-03-27 00:00:00,stellar,0.1741996976133268
2026-03-28 00:00:00,stellar,0.16725636220299336
2026-03-29 00:00:00,stellar,0.16785929590430793
2026-03-30 00:00:00,stellar,0.16439863377840647
2026-03-31 00:00:00,stellar,0.16728349798626624
2026-04-01 00:00:00,stellar,0.16732594201282744
2026-04-02 00:00:00,stellar,0.16926304572180254
2026-04-03 00:00:00,stellar,0.16290687666344805
2026-04-04 00:00:00,stellar,0.16296671395920348
2026-04-05 00:00:00,stellar,0.16180252565769304
2026-04-06 00:00:00,stellar,0.16235738234870803
2026-04-07 00:00:00,stellar,0.15582126412022998
2026-04-08 00:00:00,stellar,0.1640247009960285
2026-04-09 00:00:00,stellar,0.15769730371477383
2026-04-10 00:00:00,stellar,0.15457238858424255
2026-04-11 00:00:00,stellar,0.15512666720421273
2026-04-12 00:00:00,stellar,0.15372035250910138
2026-04-13 00:00:00,stellar,0.1504363089999946
2026-04-14 00:00:00,stellar,0.1562373457084854
2026-04-15 00:00:00,stellar,0.1550522505378096
2026-04-16 00:00:00,stellar,0.15780191168031424
2026-04-17 00:00:00,stellar,0.16918226032683062
2026-04-18 00:00:00,stellar,0.17435091606654968
2026-04-19 00:00:00,stellar,0.17066367353104342
2026-04-20 00:00:00,stellar,0.16670086673122392
2026-04-21 00:00:00,stellar,0.17359821175707776
2026-04-22 00:00:00,stellar,0.1791731239666694
2026-04-23 00:00:00,stellar,0.1768806433546235
2026-04-24 00:00:00,stellar,0.1756513511148754
2026-04-25 00:00:00,stellar,0.17308099619824122
2026-04-26 00:00:00,stellar,0.1697824747434755
2026-04-27 00:00:00,stellar,0.17108545634817532
2026-04-28 00:00:00,stellar,0.16594497487059942
2026-04-29 00:00:00,stellar,0.16181028926328866
2026-04-30 00:00:00,stellar,0.15961757956282024
2026-05-01 00:00:00,stellar,0.15844823655634224
2026-05-02 00:00:00,stellar,0.1594844951982852
2026-05-03 00:00:00,stellar,0.15991820845396945
2026-05-04 00:00:00,stellar,0.15796614368312767
2026-05-05 00:00:00,stellar,0.1572977622366263
2026-05-06 00:00:00,stellar,0.15991599234489595
2026-05-07 00:00:00,stellar,0.1613548905815196
2026-05-08 00:00:00,stellar,0.1580179812581584
2026-05-09 00:00:00,stellar,0.16325810015414993
2026-05-10 00:00:00,stellar,0.16264992815496862
2026-05-11 00:00:00,stellar,0.16961934081103375
2026-05-11 08:50:27,stellar,0.167368842218606
2026-01-12 00:00:00,sui,1.7915025057305436
2026-01-13 00:00:00,sui,1.7608000697903115
2026-01-14 00:00:00,sui,1.8737123964956697
2026-01-15 00:00:00,sui,1.8537330175003437
2026-01-16 00:00:00,sui,1.783777861937663
2026-01-17 00:00:00,sui,1.7890148077349255
2026-01-18 00:00:00,sui,1.7838122648089605
2026-01-19 00:00:00,sui,1.7090483523497866
2026-01-20 00:00:00,sui,1.5673304774799743
2026-01-21 00:00:00,sui,1.4673359828818893
2026-01-22 00:00:00,sui,1.50739874870383
2026-01-23 00:00:00,sui,1.492840456981337
2026-01-24 00:00:00,sui,1.4877756704991474
2026-01-25 00:00:00,sui,1.4833083917877183
2026-01-26 00:00:00,sui,1.3986152458049916
2026-01-27 00:00:00,sui,1.443390057987562
2026-01-28 00:00:00,sui,1.439946504679754
2026-01-29 00:00:00,sui,1.4044503940836754
2026-01-30 00:00:00,sui,1.317507327320518
2026-01-31 00:00:00,sui,1.2737871308663364
2026-02-01 00:00:00,sui,1.1495660344380603
2026-02-02 00:00:00,sui,1.1048182327888754
2026-02-03 00:00:00,sui,1.15068215826103
2026-02-04 00:00:00,sui,1.1068588519528721
2026-02-05 00:00:00,sui,1.0881598729054194
2026-02-06 00:00:00,sui,0.885223386859815
2026-02-07 00:00:00,sui,1.0162747964108891
2026-02-08 00:00:00,sui,1.0065275263740663
2026-02-09 00:00:00,sui,0.9765308492079146
2026-02-10 00:00:00,sui,0.9640235507222736
2026-02-11 00:00:00,sui,0.9297244420435131
2026-02-12 00:00:00,sui,0.8925114996283164
2026-02-13 00:00:00,sui,0.921811225641844
2026-02-14 00:00:00,sui,0.9607948470916309
2026-02-15 00:00:00,sui,1.0292168208857737
2026-02-16 00:00:00,sui,0.9732297583619692
2026-02-17 00:00:00,sui,0.9910070379458348
2026-02-18 00:00:00,sui,0.9676825915878824
2026-02-19 00:00:00,sui,0.9295649840717041
2026-02-20 00:00:00,sui,0.9271039591183934
2026-02-21 00:00:00,sui,0.9536714450255065
2026-02-22 00:00:00,sui,0.9499696675526216
2026-02-23 00:00:00,sui,0.922900312104958
2026-02-24 00:00:00,sui,0.8794056589696074
2026-02-25 00:00:00,sui,0.8602457663946909
2026-02-26 00:00:00,sui,0.9630896304467979
2026-02-27 00:00:00,sui,0.9377875383423598
2026-02-28 00:00:00,sui,0.8990680386573332
2026-03-01 00:00:00,sui,0.9050316699675918
2026-03-02 00:00:00,sui,0.8877958551949485
2026-03-03 00:00:00,sui,0.9228546808282773
2026-03-04 00:00:00,sui,0.91046901129627
2026-03-05 00:00:00,sui,0.9587186694311188
2026-03-06 00:00:00,sui,0.9536902555808823
2026-03-07 00:00:00,sui,0.9016052826927989
2026-03-08 00:00:00,sui,0.895099012962997
2026-03-09 00:00:00,sui,0.8801523827195284
2026-03-10 00:00:00,sui,0.9402654166149893
2026-03-11 00:00:00,sui,0.9559290546236457
2026-03-12 00:00:00,sui,0.9794108840442053
2026-03-13 00:00:00,sui,0.9945488082671659
2026-03-14 00:00:00,sui,0.9950458523734486
2026-03-15 00:00:00,sui,1.000673497224434
2026-03-16 00:00:00,sui,1.020321831360292
2026-03-17 00:00:00,sui,1.0730227097882756
2026-03-18 00:00:00,sui,1.0293149045929044
2026-03-19 00:00:00,sui,0.9868857818742657
2026-03-20 00:00:00,sui,0.9572038694902889
2026-03-21 00:00:00,sui,0.9676394536650341
2026-03-22 00:00:00,sui,0.9427932724168709
2026-03-23 00:00:00,sui,0.9046397475174524
2026-03-24 00:00:00,sui,0.9518188241577402
2026-03-25 00:00:00,sui,0.9533223254865549
2026-03-26 00:00:00,sui,0.9669588709398655
2026-03-27 00:00:00,sui,0.926735797269567
2026-03-28 00:00:00,sui,0.878719382432186
2026-03-29 00:00:00,sui,0.8573271378978067
2026-03-30 00:00:00,sui,0.845388060663364
2026-03-31 00:00:00,sui,0.8621406703727409
2026-04-01 00:00:00,sui,0.8774928886772642
2026-04-02 00:00:00,sui,0.8825469928036337
2026-04-03 00:00:00,sui,0.8609529161829852
2026-04-04 00:00:00,sui,0.873844727959917
2026-04-05 00:00:00,sui,0.8704605309728328
2026-04-06 00:00:00,sui,0.8690470049811657
2026-04-07 00:00:00,sui,0.872872269845857
2026-04-08 00:00:00,sui,0.9633107613083076
2026-04-09 00:00:00,sui,0.9137437441357932
2026-04-10 00:00:00,sui,0.9295787174656264
2026-04-11 00:00:00,sui,0.9448455400352535
2026-04-12 00:00:00,sui,0.9413430700280516
2026-04-13 00:00:00,sui,0.9011813667202858
2026-04-14 00:00:00,sui,0.9585360313186201
2026-04-15 00:00:00,sui,0.9330443574439188
2026-04-16 00:00:00,sui,0.9588449508873953
2026-04-17 00:00:00,sui,1.0023833534135655
2026-04-18 00:00:00,sui,1.0003279670882421
2026-04-19 00:00:00,sui,0.9586529749961317
2026-04-20 00:00:00,sui,0.9228836557698356
2026-04-21 00:00:00,sui,0.9441053852367924
2026-04-22 00:00:00,sui,0.9489979215789234
2026-04-23 00:00:00,sui,0.9457467760084505
2026-04-24 00:00:00,sui,0.9461364526800224
2026-04-25 00:00:00,sui,0.9460359300866927
2026-04-26 00:00:00,sui,0.9387241354726268
2026-04-27 00:00:00,sui,0.9473450450963309
2026-04-28 00:00:00,sui,0.9339270091275784
2026-04-29 00:00:00,sui,0.9251513194174399
2026-04-30 00:00:00,sui,0.9066080468194128
2026-05-01 00:00:00,sui,0.9080851037005839
2026-05-02 00:00:00,sui,0.9179997962396172
2026-05-03 00:00:00,sui,0.9274048164034547
2026-05-04 00:00:00,sui,0.9208531336825088
2026-05-05 00:00:00,sui,0.9290173938724879
2026-05-06 00:00:00,sui,0.9665393769336927
2026-05-07 00:00:00,sui,0.9920312952280548
2026-05-08 00:00:00,sui,0.968524643543785
2026-05-09 00:00:00,sui,1.02228556717935
2026-05-10 00:00:00,sui,1.0669606756050047
2026-05-11 00:00:00,sui,1.33224329767164
2026-05-11 08:50:25,sui,1.258550722671123
2026-01-12 00:00:00,litecoin,78.776717683289
2026-01-13 00:00:00,litecoin,76.01022701439427
2026-01-14 00:00:00,litecoin,77.98176339254152
2026-01-15 00:00:00,litecoin,76.73629978113459
2026-01-16 00:00:00,litecoin,72.17453066695636
2026-01-17 00:00:00,litecoin,75.32315075160025
2026-01-18 00:00:00,litecoin,74.79336392986221
2026-01-19 00:00:00,litecoin,72.52553744234834
2026-01-20 00:00:00,litecoin,70.77564508348493
2026-01-21 00:00:00,litecoin,67.09145322812518
2026-01-22 00:00:00,litecoin,68.39264817744203
2026-01-23 00:00:00,litecoin,68.11753529307089
2026-01-24 00:00:00,litecoin,68.01693517831806
2026-01-25 00:00:00,litecoin,68.08765311501034
2026-01-26 00:00:00,litecoin,67.11341088395083
2026-01-27 00:00:00,litecoin,69.80527055308589
2026-01-28 00:00:00,litecoin,70.0774124291079
2026-01-29 00:00:00,litecoin,69.38454043062649
2026-01-30 00:00:00,litecoin,66.09487767820116
2026-01-31 00:00:00,litecoin,65.33296464435483
2026-02-01 00:00:00,litecoin,59.40828778616758
2026-02-02 00:00:00,litecoin,58.52891778108199
2026-02-03 00:00:00,litecoin,59.98920012791268
2026-02-04 00:00:00,litecoin,59.25199056982056
2026-02-05 00:00:00,litecoin,58.881190035800834
2026-02-06 00:00:00,litecoin,50.88165272305717
2026-02-07 00:00:00,litecoin,55.064334083661024
2026-02-08 00:00:00,litecoin,55.2621076092085
2026-02-09 00:00:00,litecoin,54.56964455595264
2026-02-10 00:00:00,litecoin,54.46946105213422
2026-02-11 00:00:00,litecoin,53.303850682446104
2026-02-12 00:00:00,litecoin,52.24357599620344
2026-02-13 00:00:00,litecoin,53.097909172204666
2026-02-14 00:00:00,litecoin,55.092825269317785
2026-02-15 00:00:00,litecoin,56.03022773797472
2026-02-16 00:00:00,litecoin,55.00905994868437
2026-02-17 00:00:00,litecoin,55.01562872519865
2026-02-18 00:00:00,litecoin,53.91919084756143
2026-02-19 00:00:00,litecoin,53.28720032593736
2026-02-20 00:00:00,litecoin,52.69620408569612
2026-02-21 00:00:00,litecoin,55.152920951896974
2026-02-22 00:00:00,litecoin,54.95022851959508
2026-02-23 00:00:00,litecoin,53.377789579100934
2026-02-24 00:00:00,litecoin,51.23554804570264
2026-02-25 00:00:00,litecoin,51.15804178575074
2026-02-26 00:00:00,litecoin,56.428895195962966
2026-02-27 00:00:00,litecoin,55.627702714832004
2026-02-28 00:00:00,litecoin,54.50875285528461
2026-03-01 00:00:00,litecoin,54.420872612676405
2026-03-02 00:00:00,litecoin,53.2428862823587
2026-03-03 00:00:00,litecoin,54.551592084872475
2026-03-04 00:00:00,litecoin,54.837353760744854
2026-03-05 00:00:00,litecoin,56.86110909911505
2026-03-06 00:00:00,litecoin,55.50619731287194
2026-03-07 00:00:00,litecoin,53.86062701404805
2026-03-08 00:00:00,litecoin,53.56495716391196
2026-03-09 00:00:00,litecoin,52.61336972208335
2026-03-10 00:00:00,litecoin,53.71777920675935
2026-03-11 00:00:00,litecoin,53.83207692340449
2026-03-12 00:00:00,litecoin,54.731260429329176
2026-03-13 00:00:00,litecoin,54.59430285221181
2026-03-14 00:00:00,litecoin,55.31849241250237
2026-03-15 00:00:00,litecoin,54.96025150663554
2026-03-16 00:00:00,litecoin,56.131028284100545
2026-03-17 00:00:00,litecoin,58.78981322090491
2026-03-18 00:00:00,litecoin,58.146518492072104
2026-03-19 00:00:00,litecoin,56.03529612076913
2026-03-20 00:00:00,litecoin,55.43354233416128
2026-03-21 00:00:00,litecoin,56.177191868260216
2026-03-22 00:00:00,litecoin,55.185503785834
2026-03-23 00:00:00,litecoin,53.518705785514825
2026-03-24 00:00:00,litecoin,55.57159128818284
2026-03-25 00:00:00,litecoin,56.3901360248131
2026-03-26 00:00:00,litecoin,56.5667606714583
2026-03-27 00:00:00,litecoin,54.524684439384046
2026-03-28 00:00:00,litecoin,53.63677337115791
2026-03-29 00:00:00,litecoin,53.83624570494974
2026-03-30 00:00:00,litecoin,53.216511464178566
2026-03-31 00:00:00,litecoin,53.166463177875414
2026-04-01 00:00:00,litecoin,53.89808776830735
2026-04-02 00:00:00,litecoin,53.851566154768854
2026-04-03 00:00:00,litecoin,52.25014997790554
2026-04-04 00:00:00,litecoin,53.190799275268446
2026-04-05 00:00:00,litecoin,53.56393589652588
2026-04-06 00:00:00,litecoin,54.05986817188034
2026-04-07 00:00:00,litecoin,53.51664987492693
2026-04-08 00:00:00,litecoin,55.673972064078235
2026-04-09 00:00:00,litecoin,53.981265446435316
2026-04-10 00:00:00,litecoin,54.490494736751415
2026-04-11 00:00:00,litecoin,54.970027129713934
2026-04-12 00:00:00,litecoin,55.06876349435344
2026-04-13 00:00:00,litecoin,53.50467535577224
2026-04-14 00:00:00,litecoin,54.63272277520369
2026-04-15 00:00:00,litecoin,54.345678060796054
2026-04-16 00:00:00,litecoin,55.132963942513946
2026-04-17 00:00:00,litecoin,56.373681066182414
2026-04-18 00:00:00,litecoin,56.48374898723223
2026-04-19 00:00:00,litecoin,55.772984539353516
2026-04-20 00:00:00,litecoin,54.0832746146386
2026-04-21 00:00:00,litecoin,55.00122024729934
2026-04-22 00:00:00,litecoin,55.5734708858646
2026-04-23 00:00:00,litecoin,55.58845543509624
2026-04-24 00:00:00,litecoin,56.22634819191133
2026-04-25 00:00:00,litecoin,56.519161293811536
2026-04-26 00:00:00,litecoin,56.0368907034061
2026-04-27 00:00:00,litecoin,56.33613633489531
2026-04-28 00:00:00,litecoin,55.51995759114895
2026-04-29 00:00:00,litecoin,55.70070267956746
2026-04-30 00:00:00,litecoin,55.28234688172715
2026-05-01 00:00:00,litecoin,55.18852108851211
2026-05-02 00:00:00,litecoin,55.39124713371144
2026-05-03 00:00:00,litecoin,55.36270314081061
2026-05-04 00:00:00,litecoin,55.28502210021109
2026-05-05 00:00:00,litecoin,54.92492860457034
2026-05-06 00:00:00,litecoin,56.382157012257906
2026-05-07 00:00:00,litecoin,56.64989745097109
2026-05-08 00:00:00,litecoin,56.462787030763266
2026-05-09 00:00:00,litecoin,58.191643579891945
2026-05-10 00:00:00,litecoin,58.01298458671267
2026-05-11 00:00:00,litecoin,60.487980867067996
2026-05-11 08:50:25,litecoin,58.7066411441088
2026-01-12 00:00:00,dai,0.9992162222210994
2026-01-13 00:00:00,dai,0.9992175351313456
2026-01-14 00:00:00,dai,1.000876888004497
2026-01-15 00:00:00,dai,1.0004909477547264
2026-01-16 00:00:00,dai,0.9996151195863472
2026-01-17 00:00:00,dai,0.999560971418913
2026-01-18 00:00:00,dai,0.999819866836085
2026-01-19 00:00:00,dai,0.9994621219190197
2026-01-20 00:00:00,dai,0.9995645046969397
2026-01-21 00:00:00,dai,0.9994932797422521
2026-01-22 00:00:00,dai,1.0001685931063655
2026-01-23 00:00:00,dai,0.9990956646469293
2026-01-24 00:00:00,dai,0.9995398035211278
2026-01-25 00:00:00,dai,0.9997391702979014
2026-01-26 00:00:00,dai,0.9996269674623378
2026-01-27 00:00:00,dai,0.9990211438599225
2026-01-28 00:00:00,dai,0.9984528388763267
2026-01-29 00:00:00,dai,0.9989308566576903
2026-01-30 00:00:00,dai,0.999626528524724
2026-01-31 00:00:00,dai,0.998623148546946
2026-02-01 00:00:00,dai,1.0011629754869797
2026-02-02 00:00:00,dai,1.0000208511850686
2026-02-03 00:00:00,dai,0.9997406077289149
2026-02-04 00:00:00,dai,0.999614712976647
2026-02-05 00:00:00,dai,0.9993390748223787
2026-02-06 00:00:00,dai,0.9950354276414882
2026-02-07 00:00:00,dai,0.9998299762342839
2026-02-08 00:00:00,dai,1.0002354099999875
2026-02-09 00:00:00,dai,0.9999447930145732
2026-02-10 00:00:00,dai,0.9999783571327776
2026-02-11 00:00:00,dai,0.9995856856511277
2026-02-12 00:00:00,dai,0.9996095293345165
2026-02-13 00:00:00,dai,0.9997104807651842
2026-02-14 00:00:00,dai,0.9999551033982451
2026-02-15 00:00:00,dai,0.9997361993685926
2026-02-16 00:00:00,dai,0.9997955088250707
2026-02-17 00:00:00,dai,0.9999787213889819
2026-02-18 00:00:00,dai,0.9996531112110933
2026-02-19 00:00:00,dai,0.999749622503104
2026-02-20 00:00:00,dai,0.9993794056215848
2026-02-21 00:00:00,dai,1.0001545356044055
2026-02-22 00:00:00,dai,0.9999067187458495
2026-02-23 00:00:00,dai,0.999656361758269
2026-02-24 00:00:00,dai,0.9998238059695023
2026-02-25 00:00:00,dai,0.9999164830272853
2026-02-26 00:00:00,dai,1.0003816026593568
2026-02-27 00:00:00,dai,0.9987057753741655
2026-02-28 00:00:00,dai,1.0000803849810203
2026-03-01 00:00:00,dai,0.9996068870121079
2026-03-02 00:00:00,dai,0.9996001139584852
2026-03-03 00:00:00,dai,1.0005399025511958
2026-03-04 00:00:00,dai,0.9997541939422421
2026-03-05 00:00:00,dai,0.9991516981082964
2026-03-06 00:00:00,dai,1.0000803977251533
2026-03-07 00:00:00,dai,0.9993850298996083
2026-03-08 00:00:00,dai,0.9999723724020168
2026-03-09 00:00:00,dai,0.9999892703210027
2026-03-10 00:00:00,dai,1.0001123843078512
2026-03-11 00:00:00,dai,0.9999069837377697
2026-03-12 00:00:00,dai,0.9999418648245305
2026-03-13 00:00:00,dai,0.9999772719040967
2026-03-14 00:00:00,dai,0.9999247327542755
2026-03-15 00:00:00,dai,0.9998821323066238
2026-03-16 00:00:00,dai,1.0000026560704662
2026-03-17 00:00:00,dai,1.0000358787496437
2026-03-18 00:00:00,dai,0.999960415989582
2026-03-19 00:00:00,dai,0.9998228162141033
2026-03-20 00:00:00,dai,0.9998612501396608
2026-03-21 00:00:00,dai,1.0000890879814153
2026-03-22 00:00:00,dai,0.9998709500408023
2026-03-23 00:00:00,dai,0.9997755509698637
2026-03-24 00:00:00,dai,0.9999602472717675
2026-03-25 00:00:00,dai,0.9997479752181085
2026-03-26 00:00:00,dai,0.9999224136212239
2026-03-27 00:00:00,dai,0.9998994944629065
2026-03-28 00:00:00,dai,0.9998448709791848
2026-03-29 00:00:00,dai,1.0000426468994112
2026-03-30 00:00:00,dai,0.9995201900350915
2026-03-31 00:00:00,dai,0.9997895341611392
2026-04-01 00:00:00,dai,0.9998700130895473
2026-04-02 00:00:00,dai,0.9999543248743724
2026-04-03 00:00:00,dai,0.9999054821456697
2026-04-04 00:00:00,dai,0.9998713335726167
2026-04-05 00:00:00,dai,1.0000948503796203
2026-04-06 00:00:00,dai,0.9999702675599439
2026-04-07 00:00:00,dai,0.9999674905459992
2026-04-08 00:00:00,dai,0.9984950621480863
2026-04-09 00:00:00,dai,1.0005490324387867
2026-04-10 00:00:00,dai,0.9995005484522267
2026-04-11 00:00:00,dai,0.9977232336567546
2026-04-12 00:00:00,dai,0.9998386645196514
2026-04-13 00:00:00,dai,1.0004458387922064
2026-04-14 00:00:00,dai,0.999386770792751
2026-04-15 00:00:00,dai,0.9993868656298475
2026-04-16 00:00:00,dai,0.9998607865165791
2026-04-17 00:00:00,dai,0.9990112885977026
2026-04-18 00:00:00,dai,0.9998384678587979
2026-04-19 00:00:00,dai,0.999570463099073
2026-04-20 00:00:00,dai,0.9995301235701876
2026-04-21 00:00:00,dai,0.9995363151911429
2026-04-22 00:00:00,dai,0.9996872030972986
2026-04-23 00:00:00,dai,0.99956406267919
2026-04-24 00:00:00,dai,0.9995996499661813
2026-04-25 00:00:00,dai,0.9997650080355036
2026-04-26 00:00:00,dai,0.9997126548098605
2026-04-27 00:00:00,dai,0.9996229342101752
2026-04-28 00:00:00,dai,0.9999093803543043
2026-04-29 00:00:00,dai,1.00008755407865
2026-04-30 00:00:00,dai,0.9996726113043181
2026-05-01 00:00:00,dai,0.9996016648838448
2026-05-02 00:00:00,dai,0.9997813000937397
2026-05-03 00:00:00,dai,0.9997458956352518
2026-05-04 00:00:00,dai,0.999840006394073
2026-05-05 00:00:00,dai,0.9997379523075531
2026-05-06 00:00:00,dai,0.9996021918415352
2026-05-07 00:00:00,dai,0.9997074316897113
2026-05-08 00:00:00,dai,0.999826312300027
2026-05-09 00:00:00,dai,0.9995237699078373
2026-05-10 00:00:00,dai,0.9998118616628917
2026-05-11 00:00:00,dai,0.9996755172675454
2026-05-11 08:50:29,dai,0.9997405683723927
2026-01-12 00:00:00,usd1-wlfi,0.9996070042519459
2026-01-13 00:00:00,usd1-wlfi,0.9992057133906896
2026-01-14 00:00:00,usd1-wlfi,0.9995492299679599
2026-01-15 00:00:00,usd1-wlfi,0.9996761574951579
2026-01-16 00:00:00,usd1-wlfi,0.9989951033977011
2026-01-17 00:00:00,usd1-wlfi,0.9990731513118206
2026-01-18 00:00:00,usd1-wlfi,0.9988076360269122
2026-01-19 00:00:00,usd1-wlfi,0.9987407568649579
2026-01-20 00:00:00,usd1-wlfi,0.9988492592388536
2026-01-21 00:00:00,usd1-wlfi,0.9984834727669452
2026-01-22 00:00:00,usd1-wlfi,0.9991993237859316
2026-01-23 00:00:00,usd1-wlfi,0.9988010988298914
2026-01-24 00:00:00,usd1-wlfi,1.000609453666594
2026-01-25 00:00:00,usd1-wlfi,0.9997943583383885
2026-01-26 00:00:00,usd1-wlfi,0.9993908499603691
2026-01-27 00:00:00,usd1-wlfi,0.9994141903143914
2026-01-28 00:00:00,usd1-wlfi,0.9996269491023413
2026-01-29 00:00:00,usd1-wlfi,0.9994058239995168
2026-01-30 00:00:00,usd1-wlfi,0.999464252080299
2026-01-31 00:00:00,usd1-wlfi,0.9993406098889157
2026-02-01 00:00:00,usd1-wlfi,0.9984018711035163
2026-02-02 00:00:00,usd1-wlfi,0.9991314798637371
2026-02-03 00:00:00,usd1-wlfi,1.0002262710173808
2026-02-04 00:00:00,usd1-wlfi,0.9998468135913083
2026-02-05 00:00:00,usd1-wlfi,0.9994912040119288
2026-02-06 00:00:00,usd1-wlfi,1.000014689494138
2026-02-07 00:00:00,usd1-wlfi,1.0001753012685828
2026-02-08 00:00:00,usd1-wlfi,1.0005902408269671
2026-02-09 00:00:00,usd1-wlfi,1.0007372374507324
2026-02-10 00:00:00,usd1-wlfi,0.9998204192575837
2026-02-11 00:00:00,usd1-wlfi,0.9996158668910429
2026-02-12 00:00:00,usd1-wlfi,0.9998143794557677
2026-02-13 00:00:00,usd1-wlfi,0.9992845299683886
2026-02-14 00:00:00,usd1-wlfi,0.9992755525848933
2026-02-15 00:00:00,usd1-wlfi,0.999387529602645
2026-02-16 00:00:00,usd1-wlfi,0.9994828643494325
2026-02-17 00:00:00,usd1-wlfi,0.9990471882521943
2026-02-18 00:00:00,usd1-wlfi,0.9996335666941851
2026-02-19 00:00:00,usd1-wlfi,0.9997791181421049
2026-02-20 00:00:00,usd1-wlfi,0.9995196315951309
2026-02-21 00:00:00,usd1-wlfi,0.9990979353552475
2026-02-22 00:00:00,usd1-wlfi,0.9991881925521972
2026-02-23 00:00:00,usd1-wlfi,0.9988059355427671
2026-02-24 00:00:00,usd1-wlfi,0.9990815716659653
2026-02-25 00:00:00,usd1-wlfi,1.0000885885206698
2026-02-26 00:00:00,usd1-wlfi,0.9989602309343406
2026-02-27 00:00:00,usd1-wlfi,1.000063937653645
2026-02-28 00:00:00,usd1-wlfi,1.0001875817307235
2026-03-01 00:00:00,usd1-wlfi,0.9993502273354709
2026-03-02 00:00:00,usd1-wlfi,0.999397050870214
2026-03-03 00:00:00,usd1-wlfi,1.0001144090292562
2026-03-04 00:00:00,usd1-wlfi,0.9994587632577612
2026-03-05 00:00:00,usd1-wlfi,0.9996042249363314
2026-03-06 00:00:00,usd1-wlfi,0.9995378146217705
2026-03-07 00:00:00,usd1-wlfi,0.9997827225718492
2026-03-08 00:00:00,usd1-wlfi,0.999818209930711
2026-03-09 00:00:00,usd1-wlfi,1.0002666223880887
2026-03-10 00:00:00,usd1-wlfi,0.9997290572791226
2026-03-11 00:00:00,usd1-wlfi,0.9997399789396721
2026-03-12 00:00:00,usd1-wlfi,0.9994740270632374
2026-03-13 00:00:00,usd1-wlfi,0.9994033800831209
2026-03-14 00:00:00,usd1-wlfi,0.9993581793826766
2026-03-15 00:00:00,usd1-wlfi,0.9992158504025925
2026-03-16 00:00:00,usd1-wlfi,0.999487737924439
2026-03-17 00:00:00,usd1-wlfi,0.9991491422253636
2026-03-18 00:00:00,usd1-wlfi,0.999334909484433
2026-03-19 00:00:00,usd1-wlfi,0.9993469970404156
2026-03-20 00:00:00,usd1-wlfi,0.9990717567079364
2026-03-21 00:00:00,usd1-wlfi,0.9998232923144277
2026-03-22 00:00:00,usd1-wlfi,0.9993591744880014
2026-03-23 00:00:00,usd1-wlfi,0.9995028010128076
2026-03-24 00:00:00,usd1-wlfi,0.9993473964343895
2026-03-25 00:00:00,usd1-wlfi,0.9992979529495625
2026-03-26 00:00:00,usd1-wlfi,0.999274269955132
2026-03-27 00:00:00,usd1-wlfi,0.9994626440030965
2026-03-28 00:00:00,usd1-wlfi,0.9994228718834863
2026-03-29 00:00:00,usd1-wlfi,0.9995479000690223
2026-03-30 00:00:00,usd1-wlfi,0.9995421463520161
2026-03-31 00:00:00,usd1-wlfi,0.9996517398184406
2026-04-01 00:00:00,usd1-wlfi,0.9994467224398463
2026-04-02 00:00:00,usd1-wlfi,0.9996151806986379
2026-04-03 00:00:00,usd1-wlfi,0.9995664348168911
2026-04-04 00:00:00,usd1-wlfi,0.9998266949231401
2026-04-05 00:00:00,usd1-wlfi,0.9999710848081474
2026-04-06 00:00:00,usd1-wlfi,0.999451476579452
2026-04-07 00:00:00,usd1-wlfi,0.9998711599387141
2026-04-08 00:00:00,usd1-wlfi,0.9995085025209163
2026-04-09 00:00:00,usd1-wlfi,0.9994278483490484
2026-04-10 00:00:00,usd1-wlfi,0.9992979489235623
2026-04-11 00:00:00,usd1-wlfi,0.999126260959158
2026-04-12 00:00:00,usd1-wlfi,0.999270466172511
2026-04-13 00:00:00,usd1-wlfi,0.9988666963016144
2026-04-14 00:00:00,usd1-wlfi,0.9993338848204923
2026-04-15 00:00:00,usd1-wlfi,0.9993974066785452
2026-04-16 00:00:00,usd1-wlfi,0.999012493680216
2026-04-17 00:00:00,usd1-wlfi,1.0003961017251048
2026-04-18 00:00:00,usd1-wlfi,0.9998394545726116
2026-04-19 00:00:00,usd1-wlfi,1.0000449079388467
2026-04-20 00:00:00,usd1-wlfi,1.000059124045211
2026-04-21 00:00:00,usd1-wlfi,0.9999735632965646
2026-04-22 00:00:00,usd1-wlfi,1.000165220626201
2026-04-23 00:00:00,usd1-wlfi,1.0001003762002132
2026-04-24 00:00:00,usd1-wlfi,0.9999975485974976
2026-04-25 00:00:00,usd1-wlfi,1.0000024399798595
2026-04-26 00:00:00,usd1-wlfi,0.9998285158140648
2026-04-27 00:00:00,usd1-wlfi,0.9999379044610802
2026-04-28 00:00:00,usd1-wlfi,1.0000237934724898
2026-04-29 00:00:00,usd1-wlfi,0.9998753933025583
2026-04-30 00:00:00,usd1-wlfi,0.9996054468381804
2026-05-01 00:00:00,usd1-wlfi,0.9995179641624333
2026-05-02 00:00:00,usd1-wlfi,0.9996328470259122
2026-05-03 00:00:00,usd1-wlfi,0.9999226345643506
2026-05-04 00:00:00,usd1-wlfi,0.9997780059435215
2026-05-05 00:00:00,usd1-wlfi,0.9996435238482799
2026-05-06 00:00:00,usd1-wlfi,0.9996558052178399
2026-05-07 00:00:00,usd1-wlfi,0.9992457977827678
2026-05-08 00:00:00,usd1-wlfi,0.9996377536379815
2026-05-09 00:00:00,usd1-wlfi,0.9995665497633667
2026-05-10 00:00:00,usd1-wlfi,0.9993835342095386
2026-05-11 00:00:00,usd1-wlfi,0.9992674307805594
2026-05-11 08:50:27,usd1-wlfi,0.9989295656191233
2026-01-12 00:00:00,avalanche-2,13.676784666606538
2026-01-13 00:00:00,avalanche-2,13.50222098762653
2026-01-14 00:00:00,avalanche-2,14.719782503463824
2026-01-15 00:00:00,avalanche-2,14.613573979707253
2026-01-16 00:00:00,avalanche-2,13.819040338143212
2026-01-17 00:00:00,avalanche-2,13.580405238859326
2026-01-18 00:00:00,avalanche-2,13.726626901328935
2026-01-19 00:00:00,avalanche-2,13.121858890552044
2026-01-20 00:00:00,avalanche-2,12.737009059732065
2026-01-21 00:00:00,avalanche-2,12.087302660754704
2026-01-22 00:00:00,avalanche-2,12.39783400225851
2026-01-23 00:00:00,avalanche-2,12.172508909733446
2026-01-24 00:00:00,avalanche-2,12.112372095137346
2026-01-25 00:00:00,avalanche-2,12.047288730990822
2026-01-26 00:00:00,avalanche-2,11.48417162610559
2026-01-27 00:00:00,avalanche-2,11.726484076734787
2026-01-28 00:00:00,avalanche-2,12.131995801880121
2026-01-29 00:00:00,avalanche-2,12.05647163473631
2026-01-30 00:00:00,avalanche-2,11.025048432580068
2026-01-31 00:00:00,avalanche-2,10.877045462132118
2026-02-01 00:00:00,avalanche-2,10.10207927857042
2026-02-02 00:00:00,avalanche-2,9.925602076370266
2026-02-03 00:00:00,avalanche-2,10.143934779962814
2026-02-04 00:00:00,avalanche-2,9.903273543871276
2026-02-05 00:00:00,avalanche-2,9.737760504014393
2026-02-06 00:00:00,avalanche-2,8.287904752836626
2026-02-07 00:00:00,avalanche-2,9.270900508600546
2026-02-08 00:00:00,avalanche-2,9.22722329474551
2026-02-09 00:00:00,avalanche-2,9.097520236788286
2026-02-10 00:00:00,avalanche-2,9.052303801286747
2026-02-11 00:00:00,avalanche-2,8.740505178832422
2026-02-12 00:00:00,avalanche-2,8.627081854553058
2026-02-13 00:00:00,avalanche-2,8.877481925874816
2026-02-14 00:00:00,avalanche-2,9.144662493733419
2026-02-15 00:00:00,avalanche-2,9.580425944643423
2026-02-16 00:00:00,avalanche-2,9.277520266058422
2026-02-17 00:00:00,avalanche-2,9.263800095872808
2026-02-18 00:00:00,avalanche-2,9.137564472977338
2026-02-19 00:00:00,avalanche-2,8.850946335662526
2026-02-20 00:00:00,avalanche-2,8.898193911350532
2026-02-21 00:00:00,avalanche-2,9.15306094927053
2026-02-22 00:00:00,avalanche-2,9.119435237028465
2026-02-23 00:00:00,avalanche-2,8.85876366813728
2026-02-24 00:00:00,avalanche-2,8.357629289892047
2026-02-25 00:00:00,avalanche-2,8.294935819956757
2026-02-26 00:00:00,avalanche-2,9.462694699535152
2026-02-27 00:00:00,avalanche-2,9.304737638800523
2026-02-28 00:00:00,avalanche-2,8.961289716468059
2026-03-01 00:00:00,avalanche-2,9.166469574947197
2026-03-02 00:00:00,avalanche-2,9.034635993427573
2026-03-03 00:00:00,avalanche-2,9.174668126314465
2026-03-04 00:00:00,avalanche-2,9.18213981413627
2026-03-05 00:00:00,avalanche-2,9.508371294048318
2026-03-06 00:00:00,avalanche-2,9.384748223595826
2026-03-07 00:00:00,avalanche-2,9.033172407536084
2026-03-08 00:00:00,avalanche-2,8.90676261629172
2026-03-09 00:00:00,avalanche-2,8.819115987062283
2026-03-10 00:00:00,avalanche-2,9.240594799103867
2026-03-11 00:00:00,avalanche-2,9.52471341767701
2026-03-12 00:00:00,avalanche-2,9.547438057903891
2026-03-13 00:00:00,avalanche-2,9.678956596773224
2026-03-14 00:00:00,avalanche-2,9.723679484921606
2026-03-15 00:00:00,avalanche-2,9.713248726469358
2026-03-16 00:00:00,avalanche-2,9.927851418839087
2026-03-17 00:00:00,avalanche-2,10.486513865444476
2026-03-18 00:00:00,avalanche-2,10.205162324362984
2026-03-19 00:00:00,avalanche-2,9.670918043549433
2026-03-20 00:00:00,avalanche-2,9.466143167019622
2026-03-21 00:00:00,avalanche-2,9.566658408779984
2026-03-22 00:00:00,avalanche-2,9.343580505352255
2026-03-23 00:00:00,avalanche-2,9.024298829128496
2026-03-24 00:00:00,avalanche-2,9.524566684587281
2026-03-25 00:00:00,avalanche-2,9.608432610890794
2026-03-26 00:00:00,avalanche-2,9.662242689138962
2026-03-27 00:00:00,avalanche-2,9.098804828313563
2026-03-28 00:00:00,avalanche-2,8.776252374410904
2026-03-29 00:00:00,avalanche-2,8.746518101268881
2026-03-30 00:00:00,avalanche-2,8.587570683117216
2026-03-31 00:00:00,avalanche-2,8.787383342221927
2026-04-01 00:00:00,avalanche-2,8.90252513008106
2026-04-02 00:00:00,avalanche-2,9.124793729504477
2026-04-03 00:00:00,avalanche-2,8.751124141923162
2026-04-04 00:00:00,avalanche-2,8.905586351464589
2026-04-05 00:00:00,avalanche-2,8.979986536613067
2026-04-06 00:00:00,avalanche-2,9.050621162411094
2026-04-07 00:00:00,avalanche-2,8.89409154038009
2026-04-08 00:00:00,avalanche-2,9.51915447435219
2026-04-09 00:00:00,avalanche-2,9.059305856693953
2026-04-10 00:00:00,avalanche-2,9.35215139011773
2026-04-11 00:00:00,avalanche-2,9.406071974051638
2026-04-12 00:00:00,avalanche-2,9.371467959486786
2026-04-13 00:00:00,avalanche-2,9.035000897370065
2026-04-14 00:00:00,avalanche-2,9.660711790314283
2026-04-15 00:00:00,avalanche-2,9.313032870764147
2026-04-16 00:00:00,avalanche-2,9.428495315600985
2026-04-17 00:00:00,avalanche-2,9.72691301632146
2026-04-18 00:00:00,avalanche-2,9.737282779621864
2026-04-19 00:00:00,avalanche-2,9.342594077385952
2026-04-20 00:00:00,avalanche-2,9.010333551422692
2026-04-21 00:00:00,avalanche-2,9.279594817809855
2026-04-22 00:00:00,avalanche-2,9.388275166749619
2026-04-23 00:00:00,avalanche-2,9.35363818324331
2026-04-24 00:00:00,avalanche-2,9.394195997658834
2026-04-25 00:00:00,avalanche-2,9.39548611427241
2026-04-26 00:00:00,avalanche-2,9.366100812792377
2026-04-27 00:00:00,avalanche-2,9.4735968268219
2026-04-28 00:00:00,avalanche-2,9.254202475029635
2026-04-29 00:00:00,avalanche-2,9.167794162990427
2026-04-30 00:00:00,avalanche-2,9.118088352097805
2026-05-01 00:00:00,avalanche-2,9.087413550442283
2026-05-02 00:00:00,avalanche-2,9.082301666528886
2026-05-03 00:00:00,avalanche-2,9.183934061771787
2026-05-04 00:00:00,avalanche-2,9.085869053857738
2026-05-05 00:00:00,avalanche-2,9.16767114705537
2026-05-06 00:00:00,avalanche-2,9.40105145273815
2026-05-07 00:00:00,avalanche-2,9.604353908476142
2026-05-08 00:00:00,avalanche-2,9.50354422307559
2026-05-09 00:00:00,avalanche-2,9.891217467153751
2026-05-10 00:00:00,avalanche-2,9.947898254374003
2026-05-11 00:00:00,avalanche-2,10.252913677857268
2026-05-11 08:50:41,avalanche-2,10.079422811409508
2026-01-12 00:00:00,memecore,1.6559855890768975
2026-01-13 00:00:00,memecore,1.6721805576452302
2026-01-14 00:00:00,memecore,1.5712393688102009
2026-01-15 00:00:00,memecore,1.533881235788111
2026-01-16 00:00:00,memecore,1.5837609979872973
2026-01-17 00:00:00,memecore,1.6321686699951838
2026-01-18 00:00:00,memecore,1.5575094184376694
2026-01-19 00:00:00,memecore,1.5648889153004677
2026-01-20 00:00:00,memecore,1.5885123206056726
2026-01-21 00:00:00,memecore,1.591961438772418
2026-01-22 00:00:00,memecore,1.5971219357563486
2026-01-23 00:00:00,memecore,1.6779309516296024
2026-01-24 00:00:00,memecore,1.5849458528611737
2026-01-25 00:00:00,memecore,1.62912517300229
2026-01-26 00:00:00,memecore,1.6308664772361343
2026-01-27 00:00:00,memecore,1.6088122093030732
2026-01-28 00:00:00,memecore,1.562164167812383
2026-01-29 00:00:00,memecore,1.5587949079696615
2026-01-30 00:00:00,memecore,1.529482897251657
2026-01-31 00:00:00,memecore,1.4028997922352784
2026-02-01 00:00:00,memecore,1.279481242165958
2026-02-02 00:00:00,memecore,1.315349246318038
2026-02-03 00:00:00,memecore,1.5180595016801108
2026-02-04 00:00:00,memecore,1.4601983429892094
2026-02-05 00:00:00,memecore,1.4933434498073483
2026-02-06 00:00:00,memecore,1.4215826032927033
2026-02-07 00:00:00,memecore,1.6743709593775795
2026-02-08 00:00:00,memecore,1.8506397116885884
2026-02-09 00:00:00,memecore,1.3274542836846144
2026-02-10 00:00:00,memecore,1.423951892768685
2026-02-11 00:00:00,memecore,1.4054407096315609
2026-02-12 00:00:00,memecore,1.458678944039748
2026-02-13 00:00:00,memecore,1.4685128500358153
2026-02-14 00:00:00,memecore,1.3537105173912858
2026-02-15 00:00:00,memecore,1.3454498110314272
2026-02-16 00:00:00,memecore,1.304754505142451
2026-02-17 00:00:00,memecore,1.412555693084744
2026-02-18 00:00:00,memecore,1.5267962939124036
2026-02-19 00:00:00,memecore,1.432826489780145
2026-02-20 00:00:00,memecore,1.3456544647749824
2026-02-21 00:00:00,memecore,1.343679779228149
2026-02-22 00:00:00,memecore,1.3657772621810484
2026-02-23 00:00:00,memecore,1.3559973312720066
2026-02-24 00:00:00,memecore,1.4035240684995283
2026-02-25 00:00:00,memecore,1.4205422366707312
2026-02-26 00:00:00,memecore,1.3054424895399144
2026-02-27 00:00:00,memecore,1.4341584374809426
2026-02-28 00:00:00,memecore,1.4373530798064098
2026-03-01 00:00:00,memecore,1.4505478588816652
2026-03-02 00:00:00,memecore,1.480410748319199
2026-03-03 00:00:00,memecore,1.5205128315327807
2026-03-04 00:00:00,memecore,1.377943435023614
2026-03-05 00:00:00,memecore,1.368516095956282
2026-03-06 00:00:00,memecore,1.4733339239870675
2026-03-07 00:00:00,memecore,1.504226253102495
2026-03-08 00:00:00,memecore,1.5385516338381389
2026-03-09 00:00:00,memecore,1.507966250070371
2026-03-10 00:00:00,memecore,1.5339233027311083
2026-03-11 00:00:00,memecore,1.4563923189302022
2026-03-12 00:00:00,memecore,1.4208545639462529
2026-03-13 00:00:00,memecore,1.4680919290106758
2026-03-14 00:00:00,memecore,1.514968843712121
2026-03-15 00:00:00,memecore,1.5232236030096067
2026-03-16 00:00:00,memecore,1.4606994803555242
2026-03-17 00:00:00,memecore,1.6643129100021365
2026-03-18 00:00:00,memecore,1.8632770567955905
2026-03-19 00:00:00,memecore,1.8840877830508151
2026-03-20 00:00:00,memecore,1.8129455343511611
2026-03-21 00:00:00,memecore,1.6530205762061654
2026-03-22 00:00:00,memecore,1.665782746315381
2026-03-23 00:00:00,memecore,1.6863515211031714
2026-03-24 00:00:00,memecore,1.751596270247417
2026-03-25 00:00:00,memecore,1.7138265327647155
2026-03-26 00:00:00,memecore,2.439816173514562
2026-03-27 00:00:00,memecore,2.1895529743178384
2026-03-28 00:00:00,memecore,2.1326850853355
2026-03-29 00:00:00,memecore,2.1854856898106583
2026-03-30 00:00:00,memecore,2.2028938531808375
2026-03-31 00:00:00,memecore,2.307103917267399
2026-04-01 00:00:00,memecore,2.3534262122562235
2026-04-02 00:00:00,memecore,2.466285473659046
2026-04-03 00:00:00,memecore,2.5515164088786713
2026-04-04 00:00:00,memecore,2.713907557075499
2026-04-05 00:00:00,memecore,2.577717761192237
2026-04-06 00:00:00,memecore,2.769222500815041
2026-04-07 00:00:00,memecore,2.7244523841054606
2026-04-08 00:00:00,memecore,2.7106416529300157
2026-04-09 00:00:00,memecore,2.693895152451722
2026-04-10 00:00:00,memecore,2.6480350472343184
2026-04-11 00:00:00,memecore,2.7292634316509807
2026-04-12 00:00:00,memecore,2.72213307117515
2026-04-13 00:00:00,memecore,2.8338938394518087
2026-04-14 00:00:00,memecore,2.7407319689579066
2026-04-15 00:00:00,memecore,2.859023300977539
2026-04-16 00:00:00,memecore,2.827765962420046
2026-04-17 00:00:00,memecore,3.7513785561979205
2026-04-18 00:00:00,memecore,3.827107574836717
2026-04-19 00:00:00,memecore,3.538982773887948
2026-04-20 00:00:00,memecore,3.4515141156190206
2026-04-21 00:00:00,memecore,3.538256293131071
2026-04-22 00:00:00,memecore,4.311632552874811
2026-04-23 00:00:00,memecore,4.417017244430464
2026-04-24 00:00:00,memecore,4.5114719790332005
2026-04-25 00:00:00,memecore,4.298000716981905
2026-04-26 00:00:00,memecore,4.379706874654625
2026-04-27 00:00:00,memecore,4.342676444740239
2026-04-28 00:00:00,memecore,3.7707464515338875
2026-04-29 00:00:00,memecore,3.401859067700841
2026-04-30 00:00:00,memecore,3.4032649849815897
2026-05-01 00:00:00,memecore,3.1809433246590815
2026-05-02 00:00:00,memecore,2.971852112268872
2026-05-03 00:00:00,memecore,2.967466873501624
2026-05-04 00:00:00,memecore,2.993152641753008
2026-05-05 00:00:00,memecore,2.7124872507161917
2026-05-06 00:00:00,memecore,3.4961976962101717
2026-05-07 00:00:00,memecore,3.750768983530468
2026-05-08 00:00:00,memecore,3.8314989854563706
2026-05-09 00:00:00,memecore,3.5219117893660608
2026-05-10 00:00:00,memecore,3.400450746975423
2026-05-11 00:00:00,memecore,3.295994475619388
2026-05-11 08:50:44,memecore,3.247503598249098
2026-01-12 00:00:00,hedera-hashgraph,0.11723890918896664
2026-01-13 00:00:00,hedera-hashgraph,0.11493628213960591
2026-01-14 00:00:00,hedera-hashgraph,0.12179879250159549
2026-01-15 00:00:00,hedera-hashgraph,0.12342929489187245
2026-01-16 00:00:00,hedera-hashgraph,0.11778018508824115
2026-01-17 00:00:00,hedera-hashgraph,0.1186429347776787
2026-01-18 00:00:00,hedera-hashgraph,0.11856843847846088
2026-01-19 00:00:00,hedera-hashgraph,0.11238260969239552
2026-01-20 00:00:00,hedera-hashgraph,0.11088811377197257
2026-01-21 00:00:00,hedera-hashgraph,0.10556853260094208
2026-01-22 00:00:00,hedera-hashgraph,0.1091640364037173
2026-01-23 00:00:00,hedera-hashgraph,0.10803692352700928
2026-01-24 00:00:00,hedera-hashgraph,0.10930908984246884
2026-01-25 00:00:00,hedera-hashgraph,0.10846186988679726
2026-01-26 00:00:00,hedera-hashgraph,0.10314482425490665
2026-01-27 00:00:00,hedera-hashgraph,0.10656699387589877
2026-01-28 00:00:00,hedera-hashgraph,0.10816585703381024
2026-01-29 00:00:00,hedera-hashgraph,0.10685579607669528
2026-01-30 00:00:00,hedera-hashgraph,0.10097717480766392
2026-01-31 00:00:00,hedera-hashgraph,0.09846714663821421
2026-02-01 00:00:00,hedera-hashgraph,0.09285554940532031
2026-02-02 00:00:00,hedera-hashgraph,0.08898081020945858
2026-02-03 00:00:00,hedera-hashgraph,0.0932437685849635
2026-02-04 00:00:00,hedera-hashgraph,0.09031600728538715
2026-02-05 00:00:00,hedera-hashgraph,0.0894810273003797
2026-02-06 00:00:00,hedera-hashgraph,0.07842092957960008
2026-02-07 00:00:00,hedera-hashgraph,0.09104519658672985
2026-02-08 00:00:00,hedera-hashgraph,0.09004254255125939
2026-02-09 00:00:00,hedera-hashgraph,0.09144472287277408
2026-02-10 00:00:00,hedera-hashgraph,0.09219194303760112
2026-02-11 00:00:00,hedera-hashgraph,0.09063564896892538
2026-02-12 00:00:00,hedera-hashgraph,0.08895904236016774
2026-02-13 00:00:00,hedera-hashgraph,0.09306837074329638
2026-02-14 00:00:00,hedera-hashgraph,0.09865714332695415
2026-02-15 00:00:00,hedera-hashgraph,0.10382476613838625
2026-02-16 00:00:00,hedera-hashgraph,0.1004513275909263
2026-02-17 00:00:00,hedera-hashgraph,0.10189592807105195
2026-02-18 00:00:00,hedera-hashgraph,0.10209561213667942
2026-02-19 00:00:00,hedera-hashgraph,0.09920373588851676
2026-02-20 00:00:00,hedera-hashgraph,0.09759230430758496
2026-02-21 00:00:00,hedera-hashgraph,0.0997793207588247
2026-02-22 00:00:00,hedera-hashgraph,0.09972500579364621
2026-02-23 00:00:00,hedera-hashgraph,0.0978499193334819
2026-02-24 00:00:00,hedera-hashgraph,0.09480374976020862
2026-02-25 00:00:00,hedera-hashgraph,0.09511372871860854
2026-02-26 00:00:00,hedera-hashgraph,0.10148556697853646
2026-02-27 00:00:00,hedera-hashgraph,0.10250738947499798
2026-02-28 00:00:00,hedera-hashgraph,0.10043736670607421
2026-03-01 00:00:00,hedera-hashgraph,0.10040968216683237
2026-03-02 00:00:00,hedera-hashgraph,0.09704190572588278
2026-03-03 00:00:00,hedera-hashgraph,0.09806710546406962
2026-03-04 00:00:00,hedera-hashgraph,0.09702705289700946
2026-03-05 00:00:00,hedera-hashgraph,0.10114999214182255
2026-03-06 00:00:00,hedera-hashgraph,0.09958953210752355
2026-03-07 00:00:00,hedera-hashgraph,0.09758957659166723
2026-03-08 00:00:00,hedera-hashgraph,0.09573225925580256
2026-03-09 00:00:00,hedera-hashgraph,0.09405743412220013
2026-03-10 00:00:00,hedera-hashgraph,0.09430973470586056
2026-03-11 00:00:00,hedera-hashgraph,0.09505460927209207
2026-03-12 00:00:00,hedera-hashgraph,0.09422617007455744
2026-03-13 00:00:00,hedera-hashgraph,0.09493895193118256
2026-03-14 00:00:00,hedera-hashgraph,0.09508374538941332
2026-03-15 00:00:00,hedera-hashgraph,0.09371453886571697
2026-03-16 00:00:00,hedera-hashgraph,0.09602894190962849
2026-03-17 00:00:00,hedera-hashgraph,0.10032365325596998
2026-03-18 00:00:00,hedera-hashgraph,0.09879757898202512
2026-03-19 00:00:00,hedera-hashgraph,0.09580909330997513
2026-03-20 00:00:00,hedera-hashgraph,0.09279808215377182
2026-03-21 00:00:00,hedera-hashgraph,0.09329805455886318
2026-03-22 00:00:00,hedera-hashgraph,0.09216645532717294
2026-03-23 00:00:00,hedera-hashgraph,0.0891903937200598
2026-03-24 00:00:00,hedera-hashgraph,0.09305722482096154
2026-03-25 00:00:00,hedera-hashgraph,0.09416025459620361
2026-03-26 00:00:00,hedera-hashgraph,0.0946212671063999
2026-03-27 00:00:00,hedera-hashgraph,0.09115586306205314
2026-03-28 00:00:00,hedera-hashgraph,0.08899641486212707
2026-03-29 00:00:00,hedera-hashgraph,0.08967846331953307
2026-03-30 00:00:00,hedera-hashgraph,0.08797063931739588
2026-03-31 00:00:00,hedera-hashgraph,0.08712196463265585
2026-04-01 00:00:00,hedera-hashgraph,0.08761124917753951
2026-04-02 00:00:00,hedera-hashgraph,0.08845220664267103
2026-04-03 00:00:00,hedera-hashgraph,0.08790598028185265
2026-04-04 00:00:00,hedera-hashgraph,0.08766900770381357
2026-04-05 00:00:00,hedera-hashgraph,0.08746867222676473
2026-04-06 00:00:00,hedera-hashgraph,0.0879507237357203
2026-04-07 00:00:00,hedera-hashgraph,0.08738622252431408
2026-04-08 00:00:00,hedera-hashgraph,0.09246816524744778
2026-04-09 00:00:00,hedera-hashgraph,0.0890121338921258
2026-04-10 00:00:00,hedera-hashgraph,0.0894796776575809
2026-04-11 00:00:00,hedera-hashgraph,0.08948333928327341
2026-04-12 00:00:00,hedera-hashgraph,0.08829396928690372
2026-04-13 00:00:00,hedera-hashgraph,0.085220468306888
2026-04-14 00:00:00,hedera-hashgraph,0.0878801231578806
2026-04-15 00:00:00,hedera-hashgraph,0.08505380178656893
2026-04-16 00:00:00,hedera-hashgraph,0.08694981604356973
2026-04-17 00:00:00,hedera-hashgraph,0.09056822104179671
2026-04-18 00:00:00,hedera-hashgraph,0.09079434013411204
2026-04-19 00:00:00,hedera-hashgraph,0.0889730916820227
2026-04-20 00:00:00,hedera-hashgraph,0.08737589101025814
2026-04-21 00:00:00,hedera-hashgraph,0.08965384467241093
2026-04-22 00:00:00,hedera-hashgraph,0.09041283842297244
2026-04-23 00:00:00,hedera-hashgraph,0.09087476068116547
2026-04-24 00:00:00,hedera-hashgraph,0.09082044643172331
2026-04-25 00:00:00,hedera-hashgraph,0.09096336128448083
2026-04-26 00:00:00,hedera-hashgraph,0.09127761971093468
2026-04-27 00:00:00,hedera-hashgraph,0.09241992002096384
2026-04-28 00:00:00,hedera-hashgraph,0.08963767185907832
2026-04-29 00:00:00,hedera-hashgraph,0.08890104365635398
2026-04-30 00:00:00,hedera-hashgraph,0.08864493943165618
2026-05-01 00:00:00,hedera-hashgraph,0.08736075862542482
2026-05-02 00:00:00,hedera-hashgraph,0.08807421542045572
2026-05-03 00:00:00,hedera-hashgraph,0.08857803273778676
2026-05-04 00:00:00,hedera-hashgraph,0.08773886743343315
2026-05-05 00:00:00,hedera-hashgraph,0.08763742304229256
2026-05-06 00:00:00,hedera-hashgraph,0.09036063280862225
2026-05-07 00:00:00,hedera-hashgraph,0.09130617005586257
2026-05-08 00:00:00,hedera-hashgraph,0.09005382604419648
2026-05-09 00:00:00,hedera-hashgraph,0.09253830314796262
2026-05-10 00:00:00,hedera-hashgraph,0.09280279958068957
2026-05-11 00:00:00,hedera-hashgraph,0.09759457932791658
2026-05-11 08:50:43,hedera-hashgraph,0.09587637309144738
2026-01-12 00:00:00,ethena-usde,0.9992191901541628
2026-01-13 00:00:00,ethena-usde,0.9991786894165334
2026-01-14 00:00:00,ethena-usde,1.0004330257498464
2026-01-15 00:00:00,ethena-usde,1.0001356310375278
2026-01-16 00:00:00,ethena-usde,0.99962756027746
2026-01-17 00:00:00,ethena-usde,0.9998349772619364
2026-01-18 00:00:00,ethena-usde,1.0008504776172076
2026-01-19 00:00:00,ethena-usde,1.0036074483400743
2026-01-20 00:00:00,ethena-usde,1.0023012155257984
2026-01-21 00:00:00,ethena-usde,0.999387212837448
2026-01-22 00:00:00,ethena-usde,0.9996467996646011
2026-01-23 00:00:00,ethena-usde,0.9994147570987245
2026-01-24 00:00:00,ethena-usde,0.9988676772313488
2026-01-25 00:00:00,ethena-usde,0.9986991488431927
2026-01-26 00:00:00,ethena-usde,0.9992481786218544
2026-01-27 00:00:00,ethena-usde,0.9988312718740904
2026-01-28 00:00:00,ethena-usde,0.9984552373356492
2026-01-29 00:00:00,ethena-usde,0.9986921746149765
2026-01-30 00:00:00,ethena-usde,0.9981495659427045
2026-01-31 00:00:00,ethena-usde,0.9979183560654029
2026-02-01 00:00:00,ethena-usde,0.9984462420422131
2026-02-02 00:00:00,ethena-usde,0.9985805193866496
2026-02-03 00:00:00,ethena-usde,0.9989584226384279
2026-02-04 00:00:00,ethena-usde,0.9984603839646908
2026-02-05 00:00:00,ethena-usde,0.9971939460043239
2026-02-06 00:00:00,ethena-usde,0.9974906701163915
2026-02-07 00:00:00,ethena-usde,0.9985618793809246
2026-02-08 00:00:00,ethena-usde,0.9989747001086493
2026-02-09 00:00:00,ethena-usde,0.9987309510108168
2026-02-10 00:00:00,ethena-usde,0.9987159253286171
2026-02-11 00:00:00,ethena-usde,0.9986295609708491
2026-02-12 00:00:00,ethena-usde,0.9986117406517647
2026-02-13 00:00:00,ethena-usde,0.9984861988728075
2026-02-14 00:00:00,ethena-usde,0.9988658831733852
2026-02-15 00:00:00,ethena-usde,0.9988097957903317
2026-02-16 00:00:00,ethena-usde,0.9988204936056669
2026-02-17 00:00:00,ethena-usde,0.9989234333809973
2026-02-18 00:00:00,ethena-usde,0.9992283712447738
2026-02-19 00:00:00,ethena-usde,0.9990646160309498
2026-02-20 00:00:00,ethena-usde,0.9990928422296632
2026-02-21 00:00:00,ethena-usde,0.9987873652124997
2026-02-22 00:00:00,ethena-usde,0.9986363732993907
2026-02-23 00:00:00,ethena-usde,0.9985005525408426
2026-02-24 00:00:00,ethena-usde,0.9989878762938718
2026-02-25 00:00:00,ethena-usde,0.99863799022431
2026-02-26 00:00:00,ethena-usde,0.9993623661754987
2026-02-27 00:00:00,ethena-usde,0.9990430135066641
2026-02-28 00:00:00,ethena-usde,0.999562997173078
2026-03-01 00:00:00,ethena-usde,0.9994032397453622
2026-03-02 00:00:00,ethena-usde,0.9991145157646756
2026-03-03 00:00:00,ethena-usde,0.9989894024402788
2026-03-04 00:00:00,ethena-usde,0.9992808453398315
2026-03-05 00:00:00,ethena-usde,0.9995381780016358
2026-03-06 00:00:00,ethena-usde,0.9994061977858824
2026-03-07 00:00:00,ethena-usde,0.9990395792025855
2026-03-08 00:00:00,ethena-usde,0.9993942947611566
2026-03-09 00:00:00,ethena-usde,0.99930911239337
2026-03-10 00:00:00,ethena-usde,0.999453919734639
2026-03-11 00:00:00,ethena-usde,0.9996863025963351
2026-03-12 00:00:00,ethena-usde,0.9995385492439521
2026-03-13 00:00:00,ethena-usde,0.9998232174073297
2026-03-14 00:00:00,ethena-usde,1.0002288539832958
2026-03-15 00:00:00,ethena-usde,1.0004531868575728
2026-03-16 00:00:00,ethena-usde,1.0002399818497734
2026-03-17 00:00:00,ethena-usde,0.9997900362033102
2026-03-18 00:00:00,ethena-usde,1.000196661982612
2026-03-19 00:00:00,ethena-usde,0.9997288778603394
2026-03-20 00:00:00,ethena-usde,0.9996977098190086
2026-03-21 00:00:00,ethena-usde,1.0000174185554473
2026-03-22 00:00:00,ethena-usde,0.99983841386573
2026-03-23 00:00:00,ethena-usde,0.9991788852563395
2026-03-24 00:00:00,ethena-usde,0.9992950885103565
2026-03-25 00:00:00,ethena-usde,0.999083628745513
2026-03-26 00:00:00,ethena-usde,0.9995965662378307
2026-03-27 00:00:00,ethena-usde,0.9990910976928967
2026-03-28 00:00:00,ethena-usde,0.9991842344079633
2026-03-29 00:00:00,ethena-usde,0.9990039156114658
2026-03-30 00:00:00,ethena-usde,0.9987776716600228
2026-03-31 00:00:00,ethena-usde,0.9991722139488695
2026-04-01 00:00:00,ethena-usde,0.9984997312026068
2026-04-02 00:00:00,ethena-usde,0.9992903545750772
2026-04-03 00:00:00,ethena-usde,0.9995431855079004
2026-04-04 00:00:00,ethena-usde,0.9997575482332238
2026-04-05 00:00:00,ethena-usde,0.9995736655581186
2026-04-06 00:00:00,ethena-usde,0.9994063102743734
2026-04-07 00:00:00,ethena-usde,0.9997176651261465
2026-04-08 00:00:00,ethena-usde,1.0000289857810973
2026-04-09 00:00:00,ethena-usde,1.0005495493151961
2026-04-10 00:00:00,ethena-usde,0.9995913280562627
2026-04-11 00:00:00,ethena-usde,0.9995944467835401
2026-04-12 00:00:00,ethena-usde,0.9997201150759655
2026-04-13 00:00:00,ethena-usde,1.0004635531989075
2026-04-14 00:00:00,ethena-usde,1.0003439856946814
2026-04-15 00:00:00,ethena-usde,0.9999441829589333
2026-04-16 00:00:00,ethena-usde,1.000023074380048
2026-04-17 00:00:00,ethena-usde,0.9996842083608027
2026-04-18 00:00:00,ethena-usde,0.9999768398687933
2026-04-19 00:00:00,ethena-usde,0.9994210536902423
2026-04-20 00:00:00,ethena-usde,0.9995532316721604
2026-04-21 00:00:00,ethena-usde,0.9995030929643921
2026-04-22 00:00:00,ethena-usde,0.9994162066241611
2026-04-23 00:00:00,ethena-usde,0.9993748531238128
2026-04-24 00:00:00,ethena-usde,0.9993720712003505
2026-04-25 00:00:00,ethena-usde,0.9993359545837239
2026-04-26 00:00:00,ethena-usde,0.9994089132468236
2026-04-27 00:00:00,ethena-usde,0.9993406133650778
2026-04-28 00:00:00,ethena-usde,0.9992028911344571
2026-04-29 00:00:00,ethena-usde,0.9990173982948353
2026-04-30 00:00:00,ethena-usde,0.9990178992576578
2026-05-01 00:00:00,ethena-usde,0.9990532549267409
2026-05-02 00:00:00,ethena-usde,0.9991087544961641
2026-05-03 00:00:00,ethena-usde,0.9990365896778662
2026-05-04 00:00:00,ethena-usde,0.9992678287725503
2026-05-05 00:00:00,ethena-usde,0.9990810914858511
2026-05-06 00:00:00,ethena-usde,0.9992408293263894
2026-05-07 00:00:00,ethena-usde,0.9993806992381449
2026-05-08 00:00:00,ethena-usde,0.9993048251744446
2026-05-09 00:00:00,ethena-usde,0.9995318739013775
2026-05-10 00:00:00,ethena-usde,0.9993387183152682
2026-05-11 00:00:00,ethena-usde,0.9997040111418535
2026-05-11 08:50:43,ethena-usde,0.9994701503158007
2026-01-12 00:00:00,shiba-inu,8.436026150919568e-06
2026-01-13 00:00:00,shiba-inu,8.363766685421019e-06
2026-01-14 00:00:00,shiba-inu,8.950725809972856e-06
2026-01-15 00:00:00,shiba-inu,8.73637978191366e-06
2026-01-16 00:00:00,shiba-inu,8.415738454150301e-06
2026-01-17 00:00:00,shiba-inu,8.55628589562963e-06
2026-01-18 00:00:00,shiba-inu,8.471195300900051e-06
2026-01-19 00:00:00,shiba-inu,8.11922232464119e-06
2026-01-20 00:00:00,shiba-inu,8.118375696848644e-06
2026-01-21 00:00:00,shiba-inu,7.730220764434164e-06
2026-01-22 00:00:00,shiba-inu,7.979309093213141e-06
2026-01-23 00:00:00,shiba-inu,7.812599558190686e-06
2026-01-24 00:00:00,shiba-inu,7.866527577580593e-06
2026-01-25 00:00:00,shiba-inu,7.8126147474144e-06
2026-01-26 00:00:00,shiba-inu,7.503826566146004e-06
2026-01-27 00:00:00,shiba-inu,7.704273075014283e-06
2026-01-28 00:00:00,shiba-inu,7.835744682631808e-06
2026-01-29 00:00:00,shiba-inu,7.796551050296891e-06
2026-01-30 00:00:00,shiba-inu,7.341154135485883e-06
2026-01-31 00:00:00,shiba-inu,7.211505215406986e-06
2026-02-01 00:00:00,shiba-inu,6.7899760814164126e-06
2026-02-02 00:00:00,shiba-inu,6.64667805854518e-06
2026-02-03 00:00:00,shiba-inu,6.8839906421893095e-06
2026-02-04 00:00:00,shiba-inu,6.6753149396748425e-06
2026-02-05 00:00:00,shiba-inu,6.6387165056410546e-06
2026-02-06 00:00:00,shiba-inu,5.634800505084723e-06
2026-02-07 00:00:00,shiba-inu,6.328980609678462e-06
2026-02-08 00:00:00,shiba-inu,6.326011191320915e-06
2026-02-09 00:00:00,shiba-inu,6.132401664752588e-06
2026-02-10 00:00:00,shiba-inu,6.104088549768176e-06
2026-02-11 00:00:00,shiba-inu,6.015000894378469e-06
2026-02-12 00:00:00,shiba-inu,5.905977981243005e-06
2026-02-13 00:00:00,shiba-inu,6.0427677727241585e-06
2026-02-14 00:00:00,shiba-inu,6.322618105935209e-06
2026-02-15 00:00:00,shiba-inu,7.028075215650017e-06
2026-02-16 00:00:00,shiba-inu,6.548836581585553e-06
2026-02-17 00:00:00,shiba-inu,6.578899830926278e-06
2026-02-18 00:00:00,shiba-inu,6.51896201994936e-06
2026-02-19 00:00:00,shiba-inu,6.294478158147807e-06
2026-02-20 00:00:00,shiba-inu,6.200785408247017e-06
2026-02-21 00:00:00,shiba-inu,6.4267464026506875e-06
2026-02-22 00:00:00,shiba-inu,6.396977285716909e-06
2026-02-23 00:00:00,shiba-inu,6.175501702313449e-06
2026-02-24 00:00:00,shiba-inu,6.004431058169138e-06
2026-02-25 00:00:00,shiba-inu,5.907299805363952e-06
2026-02-26 00:00:00,shiba-inu,6.199553375682494e-06
2026-02-27 00:00:00,shiba-inu,5.970349962211032e-06
2026-02-28 00:00:00,shiba-inu,5.786528977215347e-06
2026-03-01 00:00:00,shiba-inu,5.785699983031887e-06
2026-03-02 00:00:00,shiba-inu,5.532769539695902e-06
2026-03-03 00:00:00,shiba-inu,5.508967019694673e-06
2026-03-04 00:00:00,shiba-inu,5.480949583056825e-06
2026-03-05 00:00:00,shiba-inu,5.707202403602581e-06
2026-03-06 00:00:00,shiba-inu,5.527259208165323e-06
2026-03-07 00:00:00,shiba-inu,5.406291263184417e-06
2026-03-08 00:00:00,shiba-inu,5.326022795710924e-06
2026-03-09 00:00:00,shiba-inu,5.280759954317474e-06
2026-03-10 00:00:00,shiba-inu,5.411753442730697e-06
2026-03-11 00:00:00,shiba-inu,5.644372722190506e-06
2026-03-12 00:00:00,shiba-inu,5.736029288166303e-06
2026-03-13 00:00:00,shiba-inu,5.914387747658718e-06
2026-03-14 00:00:00,shiba-inu,5.932982355667327e-06
2026-03-15 00:00:00,shiba-inu,5.875250184415621e-06
2026-03-16 00:00:00,shiba-inu,5.935076657119952e-06
2026-03-17 00:00:00,shiba-inu,6.200979822770818e-06
2026-03-18 00:00:00,shiba-inu,6.068305026606812e-06
2026-03-19 00:00:00,shiba-inu,5.81445430455338e-06
2026-03-20 00:00:00,shiba-inu,5.792115697358412e-06
2026-03-21 00:00:00,shiba-inu,5.956698635922569e-06
2026-03-22 00:00:00,shiba-inu,5.910506690998602e-06
2026-03-23 00:00:00,shiba-inu,5.70558259952915e-06
2026-03-24 00:00:00,shiba-inu,6.097706865906297e-06
2026-03-25 00:00:00,shiba-inu,6.20097192862895e-06
2026-03-26 00:00:00,shiba-inu,6.12209803488761e-06
2026-03-27 00:00:00,shiba-inu,5.9184926006426376e-06
2026-03-28 00:00:00,shiba-inu,5.776596185714508e-06
2026-03-29 00:00:00,shiba-inu,5.829696723452257e-06
2026-03-30 00:00:00,shiba-inu,5.784555399081295e-06
2026-03-31 00:00:00,shiba-inu,5.921694817525415e-06
2026-04-01 00:00:00,shiba-inu,5.938046815882745e-06
2026-04-02 00:00:00,shiba-inu,6.002021296400567e-06
2026-04-03 00:00:00,shiba-inu,5.858340596693512e-06
2026-04-04 00:00:00,shiba-inu,5.985727118197675e-06
2026-04-05 00:00:00,shiba-inu,5.9804435423058595e-06
2026-04-06 00:00:00,shiba-inu,5.975856481590991e-06
2026-04-07 00:00:00,shiba-inu,5.840916011608837e-06
2026-04-08 00:00:00,shiba-inu,6.138948563861489e-06
2026-04-09 00:00:00,shiba-inu,5.93749856131605e-06
2026-04-10 00:00:00,shiba-inu,5.89305497588569e-06
2026-04-11 00:00:00,shiba-inu,5.971903265981138e-06
2026-04-12 00:00:00,shiba-inu,5.950071535538753e-06
2026-04-13 00:00:00,shiba-inu,5.76449478230745e-06
2026-04-14 00:00:00,shiba-inu,5.985686731977953e-06
2026-04-15 00:00:00,shiba-inu,5.832190170775069e-06
2026-04-16 00:00:00,shiba-inu,5.964227435723294e-06
2026-04-17 00:00:00,shiba-inu,6.270545518298312e-06
2026-04-18 00:00:00,shiba-inu,6.318519158816178e-06
2026-04-19 00:00:00,shiba-inu,6.076281528349752e-06
2026-04-20 00:00:00,shiba-inu,5.899207411257324e-06
2026-04-21 00:00:00,shiba-inu,6.000918151124286e-06
2026-04-22 00:00:00,shiba-inu,6.091251328447455e-06
2026-04-23 00:00:00,shiba-inu,6.116629181434907e-06
2026-04-24 00:00:00,shiba-inu,6.157264623541449e-06
2026-04-25 00:00:00,shiba-inu,6.204813576001731e-06
2026-04-26 00:00:00,shiba-inu,6.174050040484496e-06
2026-04-27 00:00:00,shiba-inu,6.221745538057498e-06
2026-04-28 00:00:00,shiba-inu,6.129703239805623e-06
2026-04-29 00:00:00,shiba-inu,6.134384531046531e-06
2026-04-30 00:00:00,shiba-inu,6.159737749112352e-06
2026-05-01 00:00:00,shiba-inu,6.224154407461311e-06
2026-05-02 00:00:00,shiba-inu,6.2694463234226695e-06
2026-05-03 00:00:00,shiba-inu,6.2717167639409405e-06
2026-05-04 00:00:00,shiba-inu,6.172517063289253e-06
2026-05-05 00:00:00,shiba-inu,6.187205988597111e-06
2026-05-06 00:00:00,shiba-inu,6.339184466941092e-06
2026-05-07 00:00:00,shiba-inu,6.3842663683187385e-06
2026-05-08 00:00:00,shiba-inu,6.275760013051056e-06
2026-05-09 00:00:00,shiba-inu,6.4455378377850796e-06
2026-05-10 00:00:00,shiba-inu,6.3706429252175005e-06
2026-05-11 00:00:00,shiba-inu,6.615124414612281e-06
2026-05-11 08:50:41,shiba-inu,6.554216353955188e-06
2026-01-12 00:00:00,rain,0.00893928828086084
2026-01-13 00:00:00,rain,0.008652413852110333
2026-01-14 00:00:00,rain,0.009001771703142838
2026-01-15 00:00:00,rain,0.009550583717665017
2026-01-16 00:00:00,rain,0.009734423694029158
2026-01-17 00:00:00,rain,0.009473240655105672
2026-01-18 00:00:00,rain,0.00942658991702166
2026-01-19 00:00:00,rain,0.009133768603613639
2026-01-20 00:00:00,rain,0.00901694798902496
2026-01-21 00:00:00,rain,0.008455923562804793
2026-01-22 00:00:00,rain,0.008982799292603736
2026-01-23 00:00:00,rain,0.0100866367385414
2026-01-24 00:00:00,rain,0.009947615939189755
2026-01-25 00:00:00,rain,0.009978367126784553
2026-01-26 00:00:00,rain,0.00952639634581521
2026-01-27 00:00:00,rain,0.010146473744989289
2026-01-28 00:00:00,rain,0.010006412516547526
2026-01-29 00:00:00,rain,0.009962903433332114
2026-01-30 00:00:00,rain,0.009496560587983618
2026-01-31 00:00:00,rain,0.009415766644966114
2026-02-01 00:00:00,rain,0.009875845115021356
2026-02-02 00:00:00,rain,0.009744953174717016
2026-02-03 00:00:00,rain,0.009522255228940176
2026-02-04 00:00:00,rain,0.009000756785631447
2026-02-05 00:00:00,rain,0.009342710856147025
2026-02-06 00:00:00,rain,0.008817513454352848
2026-02-07 00:00:00,rain,0.009481338222515949
2026-02-08 00:00:00,rain,0.009318565608447361
2026-02-09 00:00:00,rain,0.009206338809570273
2026-02-10 00:00:00,rain,0.010325199281449478
2026-02-11 00:00:00,rain,0.01011244443104413
2026-02-12 00:00:00,rain,0.010051503934490443
2026-02-13 00:00:00,rain,0.009950955734042477
2026-02-14 00:00:00,rain,0.010026757414070817
2026-02-15 00:00:00,rain,0.009812707391115326
2026-02-16 00:00:00,rain,0.009874078628925264
2026-02-17 00:00:00,rain,0.009697863442846304
2026-02-18 00:00:00,rain,0.009928620549652226
2026-02-19 00:00:00,rain,0.009704839003810823
2026-02-20 00:00:00,rain,0.009772562917906258
2026-02-21 00:00:00,rain,0.009601132895199593
2026-02-22 00:00:00,rain,0.009452319641298161
2026-02-23 00:00:00,rain,0.00955942264964859
2026-02-24 00:00:00,rain,0.00930599044243916
2026-02-25 00:00:00,rain,0.0092930111283038
2026-02-26 00:00:00,rain,0.00945074795218282
2026-02-27 00:00:00,rain,0.009411018771335605
2026-02-28 00:00:00,rain,0.009358982999021711
2026-03-01 00:00:00,rain,0.009243689032933253
2026-03-02 00:00:00,rain,0.00912945343460388
2026-03-03 00:00:00,rain,0.00918017889121795
2026-03-04 00:00:00,rain,0.009187904489981717
2026-03-05 00:00:00,rain,0.009236540400689369
2026-03-06 00:00:00,rain,0.009337027051840184
2026-03-07 00:00:00,rain,0.00911058992324235
2026-03-08 00:00:00,rain,0.00900496056796199
2026-03-09 00:00:00,rain,0.008878309130487797
2026-03-10 00:00:00,rain,0.008998361364147693
2026-03-11 00:00:00,rain,0.00901456436785275
2026-03-12 00:00:00,rain,0.008937562818181087
2026-03-13 00:00:00,rain,0.009095048446134492
2026-03-14 00:00:00,rain,0.008895768971030867
2026-03-15 00:00:00,rain,0.009035806655306112
2026-03-16 00:00:00,rain,0.009130801699601914
2026-03-17 00:00:00,rain,0.008879164702744346
2026-03-18 00:00:00,rain,0.008965004347290764
2026-03-19 00:00:00,rain,0.008918873686512101
2026-03-20 00:00:00,rain,0.008854367795374638
2026-03-21 00:00:00,rain,0.008753307896663454
2026-03-22 00:00:00,rain,0.00843228640670538
2026-03-23 00:00:00,rain,0.008833776033279983
2026-03-24 00:00:00,rain,0.008726406294094125
2026-03-25 00:00:00,rain,0.008881073029831871
2026-03-26 00:00:00,rain,0.008996169139284494
2026-03-27 00:00:00,rain,0.00836165940262585
2026-03-28 00:00:00,rain,0.008307232240686564
2026-03-29 00:00:00,rain,0.008074296356103168
2026-03-30 00:00:00,rain,0.008294932285662289
2026-03-31 00:00:00,rain,0.007700552189719409
2026-04-01 00:00:00,rain,0.008146284475187424
2026-04-02 00:00:00,rain,0.007863916344003056
2026-04-03 00:00:00,rain,0.007911196864151383
2026-04-04 00:00:00,rain,0.0074630961829494046
2026-04-05 00:00:00,rain,0.00738289117358299
2026-04-06 00:00:00,rain,0.006614096365990022
2026-04-07 00:00:00,rain,0.006545445516317733
2026-04-08 00:00:00,rain,0.007584702597729729
2026-04-09 00:00:00,rain,0.007912036201807205
2026-04-10 00:00:00,rain,0.007857046187296483
2026-04-11 00:00:00,rain,0.008196786494186259
2026-04-12 00:00:00,rain,0.007831933924790972
2026-04-13 00:00:00,rain,0.007969259075505636
2026-04-14 00:00:00,rain,0.008123571026110636
2026-04-15 00:00:00,rain,0.007737413802139131
2026-04-16 00:00:00,rain,0.007861267735007317
2026-04-17 00:00:00,rain,0.007731062922746806
2026-04-18 00:00:00,rain,0.007628487404787663
2026-04-19 00:00:00,rain,0.007676977630631138
2026-04-20 00:00:00,rain,0.007556396223936691
2026-04-21 00:00:00,rain,0.007540000091608299
2026-04-22 00:00:00,rain,0.007753947542179469
2026-04-23 00:00:00,rain,0.007701919314347477
2026-04-24 00:00:00,rain,0.007512255812863187
2026-04-25 00:00:00,rain,0.007553039518792836
2026-04-26 00:00:00,rain,0.007047271392452988
2026-04-27 00:00:00,rain,0.00753277786447776
2026-04-28 00:00:00,rain,0.0071609560716710645
2026-04-29 00:00:00,rain,0.007455261747105022
2026-04-30 00:00:00,rain,0.007813683723821695
2026-05-01 00:00:00,rain,0.007834350111008989
2026-05-02 00:00:00,rain,0.007848831125112237
2026-05-03 00:00:00,rain,0.007649816332920536
2026-05-04 00:00:00,rain,0.007498424195006917
2026-05-05 00:00:00,rain,0.007466524482396212
2026-05-06 00:00:00,rain,0.007361486590397877
2026-05-07 00:00:00,rain,0.0071951081140611125
2026-05-08 00:00:00,rain,0.007449376467742114
2026-05-09 00:00:00,rain,0.007539506153667614
2026-05-10 00:00:00,rain,0.007432629920907439
2026-05-11 00:00:00,rain,0.007634908136374182
2026-05-11 08:50:45,rain,0.007534814865670798
2026-01-12 00:00:00,paypal-usd,0.9997619777293448
2026-01-13 00:00:00,paypal-usd,0.9998792100223547
2026-01-14 00:00:00,paypal-usd,0.9999635164158842
2026-01-15 00:00:00,paypal-usd,1.0000259956072541
2026-01-16 00:00:00,paypal-usd,0.9999161667884205
2026-01-17 00:00:00,paypal-usd,0.9998849967917076
2026-01-18 00:00:00,paypal-usd,1.0001930460436113
2026-01-19 00:00:00,paypal-usd,0.9997580594003996
2026-01-20 00:00:00,paypal-usd,0.9997837394479453
2026-01-21 00:00:00,paypal-usd,0.99994799060886
2026-01-22 00:00:00,paypal-usd,0.9997405962833084
2026-01-23 00:00:00,paypal-usd,0.9983743417547098
2026-01-24 00:00:00,paypal-usd,0.9982913265525784
2026-01-25 00:00:00,paypal-usd,0.997503615643031
2026-01-26 00:00:00,paypal-usd,0.9999512638705834
2026-01-27 00:00:00,paypal-usd,0.9996491472920236
2026-01-28 00:00:00,paypal-usd,0.9987386968011145
2026-01-29 00:00:00,paypal-usd,0.9982391577584858
2026-01-30 00:00:00,paypal-usd,1.0009238245853795
2026-01-31 00:00:00,paypal-usd,0.9988077143040827
2026-02-01 00:00:00,paypal-usd,0.9999096567885376
2026-02-02 00:00:00,paypal-usd,0.9998122174619967
2026-02-03 00:00:00,paypal-usd,0.9998386973011505
2026-02-04 00:00:00,paypal-usd,0.9996425358013442
2026-02-05 00:00:00,paypal-usd,0.9997734357325091
2026-02-06 00:00:00,paypal-usd,0.9998758051513366
2026-02-07 00:00:00,paypal-usd,0.9999121443873101
2026-02-08 00:00:00,paypal-usd,1.000025685799564
2026-02-09 00:00:00,paypal-usd,1.0005452943130075
2026-02-10 00:00:00,paypal-usd,0.9996574791038396
2026-02-11 00:00:00,paypal-usd,0.9994765465036017
2026-02-12 00:00:00,paypal-usd,0.9996508413954629
2026-02-13 00:00:00,paypal-usd,0.9993444750369472
2026-02-14 00:00:00,paypal-usd,0.999558027811221
2026-02-15 00:00:00,paypal-usd,0.9998816541198288
2026-02-16 00:00:00,paypal-usd,0.9997562793113152
2026-02-17 00:00:00,paypal-usd,0.9996991113807683
2026-02-18 00:00:00,paypal-usd,0.9999620120792481
2026-02-19 00:00:00,paypal-usd,0.9992699678716962
2026-02-20 00:00:00,paypal-usd,0.9995597955912188
2026-02-21 00:00:00,paypal-usd,0.9994794078886549
2026-02-22 00:00:00,paypal-usd,0.9994842300452663
2026-02-23 00:00:00,paypal-usd,0.9995168672466769
2026-02-24 00:00:00,paypal-usd,0.9999993579898234
2026-02-25 00:00:00,paypal-usd,1.0000459944488291
2026-02-26 00:00:00,paypal-usd,1.0002867495467662
2026-02-27 00:00:00,paypal-usd,0.9998864046532989
2026-02-28 00:00:00,paypal-usd,0.999919383429823
2026-03-01 00:00:00,paypal-usd,1.0002883963718177
2026-03-02 00:00:00,paypal-usd,1.0002056647942816
2026-03-03 00:00:00,paypal-usd,1.0004099382935447
2026-03-04 00:00:00,paypal-usd,0.9999081327936494
2026-03-05 00:00:00,paypal-usd,1.0000070681511997
2026-03-06 00:00:00,paypal-usd,0.999821955254713
2026-03-07 00:00:00,paypal-usd,0.9998215998877445
2026-03-08 00:00:00,paypal-usd,0.9998361829078016
2026-03-09 00:00:00,paypal-usd,1.0003992822592929
2026-03-10 00:00:00,paypal-usd,1.0000099576514379
2026-03-11 00:00:00,paypal-usd,1.0001679622981872
2026-03-12 00:00:00,paypal-usd,0.9998236346923621
2026-03-13 00:00:00,paypal-usd,0.9998581364825371
2026-03-14 00:00:00,paypal-usd,0.9998107234483913
2026-03-15 00:00:00,paypal-usd,1.000197102323134
2026-03-16 00:00:00,paypal-usd,0.9997257827141115
2026-03-17 00:00:00,paypal-usd,1.0000920168463658
2026-03-18 00:00:00,paypal-usd,0.9996565607993856
2026-03-19 00:00:00,paypal-usd,0.9997419173493337
2026-03-20 00:00:00,paypal-usd,1.000257681856619
2026-03-21 00:00:00,paypal-usd,0.9999656306232267
2026-03-22 00:00:00,paypal-usd,0.9998635752880568
2026-03-23 00:00:00,paypal-usd,0.9997645920409969
2026-03-24 00:00:00,paypal-usd,0.9999461394467871
2026-03-25 00:00:00,paypal-usd,1.0001975166567951
2026-03-26 00:00:00,paypal-usd,0.9997505369880911
2026-03-27 00:00:00,paypal-usd,0.9998985324405336
2026-03-28 00:00:00,paypal-usd,0.999997662733591
2026-03-29 00:00:00,paypal-usd,0.9996139777586959
2026-03-30 00:00:00,paypal-usd,0.9997065028381524
2026-03-31 00:00:00,paypal-usd,0.9998477959195642
2026-04-01 00:00:00,paypal-usd,0.9998019944681742
2026-04-02 00:00:00,paypal-usd,1.0000081309132824
2026-04-03 00:00:00,paypal-usd,1.0000839791680736
2026-04-04 00:00:00,paypal-usd,1.000057822758665
2026-04-05 00:00:00,paypal-usd,1.0000849431307746
2026-04-06 00:00:00,paypal-usd,1.0000062495628865
2026-04-07 00:00:00,paypal-usd,1.0000727026920624
2026-04-08 00:00:00,paypal-usd,0.9999054291615113
2026-04-09 00:00:00,paypal-usd,1.0001345589644155
2026-04-10 00:00:00,paypal-usd,0.9999115375203725
2026-04-11 00:00:00,paypal-usd,0.9999493188082107
2026-04-12 00:00:00,paypal-usd,0.9999056714410245
2026-04-13 00:00:00,paypal-usd,0.9998792287544808
2026-04-14 00:00:00,paypal-usd,0.9998740138415892
2026-04-15 00:00:00,paypal-usd,0.9998693280625927
2026-04-16 00:00:00,paypal-usd,0.9998250332002916
2026-04-17 00:00:00,paypal-usd,1.0000039273961532
2026-04-18 00:00:00,paypal-usd,0.999847384197301
2026-04-19 00:00:00,paypal-usd,0.9998424112193268
2026-04-20 00:00:00,paypal-usd,0.9997698088611394
2026-04-21 00:00:00,paypal-usd,0.9997970830867043
2026-04-22 00:00:00,paypal-usd,0.9998154064690631
2026-04-23 00:00:00,paypal-usd,0.9998959586022574
2026-04-24 00:00:00,paypal-usd,1.0000275389029085
2026-04-25 00:00:00,paypal-usd,0.9998666577734228
2026-04-26 00:00:00,paypal-usd,0.9997489994923634
2026-04-27 00:00:00,paypal-usd,1.0000439006351025
2026-04-28 00:00:00,paypal-usd,0.9997817884386816
2026-04-29 00:00:00,paypal-usd,0.9997267526293631
2026-04-30 00:00:00,paypal-usd,0.9998680148053115
2026-05-01 00:00:00,paypal-usd,0.9999143680760342
2026-05-02 00:00:00,paypal-usd,0.9999050867525509
2026-05-03 00:00:00,paypal-usd,0.9997311993666348
2026-05-04 00:00:00,paypal-usd,0.9998145269318628
2026-05-05 00:00:00,paypal-usd,0.9997788025506471
2026-05-06 00:00:00,paypal-usd,0.9999886877852168
2026-05-07 00:00:00,paypal-usd,0.9998634107616005
2026-05-08 00:00:00,paypal-usd,1.0000882671216629
2026-05-09 00:00:00,paypal-usd,0.9998797626644299
2026-05-10 00:00:00,paypal-usd,0.9997405616533429
2026-05-11 00:00:00,paypal-usd,0.9999560017579959
2026-05-11 08:50:42,paypal-usd,0.9998073171315824
2026-01-12 00:00:00,crypto-com-chain,0.10013360530671085
2026-01-13 00:00:00,crypto-com-chain,0.09925945284621482
2026-01-14 00:00:00,crypto-com-chain,0.10244132063004134
2026-01-15 00:00:00,crypto-com-chain,0.10363014908661507
2026-01-16 00:00:00,crypto-com-chain,0.10085048313284267
2026-01-17 00:00:00,crypto-com-chain,0.10154494642161177
2026-01-18 00:00:00,crypto-com-chain,0.10170934800181582
2026-01-19 00:00:00,crypto-com-chain,0.09887370169434687
2026-01-20 00:00:00,crypto-com-chain,0.09394406573713446
2026-01-21 00:00:00,crypto-com-chain,0.09039649386845817
2026-01-22 00:00:00,crypto-com-chain,0.09195776404074635
2026-01-23 00:00:00,crypto-com-chain,0.09187784182526665
2026-01-24 00:00:00,crypto-com-chain,0.09135779890062386
2026-01-25 00:00:00,crypto-com-chain,0.0924839237568088
2026-01-26 00:00:00,crypto-com-chain,0.08901142568563865
2026-01-27 00:00:00,crypto-com-chain,0.09103834598750696
2026-01-28 00:00:00,crypto-com-chain,0.0911250520194712
2026-01-29 00:00:00,crypto-com-chain,0.09048619289609808
2026-01-30 00:00:00,crypto-com-chain,0.08809729718025329
2026-01-31 00:00:00,crypto-com-chain,0.08357787677112254
2026-02-01 00:00:00,crypto-com-chain,0.0793085267830824
2026-02-02 00:00:00,crypto-com-chain,0.07852244480841991
2026-02-03 00:00:00,crypto-com-chain,0.08337984959754956
2026-02-04 00:00:00,crypto-com-chain,0.08240292858727602
2026-02-05 00:00:00,crypto-com-chain,0.08152742389387262
2026-02-06 00:00:00,crypto-com-chain,0.07120276635762324
2026-02-07 00:00:00,crypto-com-chain,0.07948380026493067
2026-02-08 00:00:00,crypto-com-chain,0.07947080296829752
2026-02-09 00:00:00,crypto-com-chain,0.07994573918145842
2026-02-10 00:00:00,crypto-com-chain,0.07899965111883683
2026-02-11 00:00:00,crypto-com-chain,0.07838728160808413
2026-02-12 00:00:00,crypto-com-chain,0.0759688709833492
2026-02-13 00:00:00,crypto-com-chain,0.0768557326486654
2026-02-14 00:00:00,crypto-com-chain,0.08023495343448203
2026-02-15 00:00:00,crypto-com-chain,0.08327093912233607
2026-02-16 00:00:00,crypto-com-chain,0.08025637753004991
2026-02-17 00:00:00,crypto-com-chain,0.08060340198388849
2026-02-18 00:00:00,crypto-com-chain,0.07920352733103232
2026-02-19 00:00:00,crypto-com-chain,0.0780117410115051
2026-02-20 00:00:00,crypto-com-chain,0.07840966230896818
2026-02-21 00:00:00,crypto-com-chain,0.0787771704423559
2026-02-22 00:00:00,crypto-com-chain,0.07786050336738157
2026-02-23 00:00:00,crypto-com-chain,0.07565756290374374
2026-02-24 00:00:00,crypto-com-chain,0.07466589523832609
2026-02-25 00:00:00,crypto-com-chain,0.07415069228722532
2026-02-26 00:00:00,crypto-com-chain,0.07789413959591326
2026-02-27 00:00:00,crypto-com-chain,0.07745303154410374
2026-02-28 00:00:00,crypto-com-chain,0.07566213474284766
2026-03-01 00:00:00,crypto-com-chain,0.0764676955654674
2026-03-02 00:00:00,crypto-com-chain,0.07479763603647628
2026-03-03 00:00:00,crypto-com-chain,0.07555187091311312
2026-03-04 00:00:00,crypto-com-chain,0.07550307133529821
2026-03-05 00:00:00,crypto-com-chain,0.07739062060638233
2026-03-06 00:00:00,crypto-com-chain,0.07705136184552511
2026-03-07 00:00:00,crypto-com-chain,0.07609164857663013
2026-03-08 00:00:00,crypto-com-chain,0.07463739868383734
2026-03-09 00:00:00,crypto-com-chain,0.07404780072251481
2026-03-10 00:00:00,crypto-com-chain,0.0749246242019439
2026-03-11 00:00:00,crypto-com-chain,0.07565844965042205
2026-03-12 00:00:00,crypto-com-chain,0.07572488071038672
2026-03-13 00:00:00,crypto-com-chain,0.0757388017038247
2026-03-14 00:00:00,crypto-com-chain,0.07665522005997426
2026-03-15 00:00:00,crypto-com-chain,0.07753885541616908
2026-03-16 00:00:00,crypto-com-chain,0.07821456779622725
2026-03-17 00:00:00,crypto-com-chain,0.08124045649628404
2026-03-18 00:00:00,crypto-com-chain,0.07953434103345414
2026-03-19 00:00:00,crypto-com-chain,0.07656676370711245
2026-03-20 00:00:00,crypto-com-chain,0.07501838287003215
2026-03-21 00:00:00,crypto-com-chain,0.07504043633082713
2026-03-22 00:00:00,crypto-com-chain,0.07465117111953973
2026-03-23 00:00:00,crypto-com-chain,0.07362562271619362
2026-03-24 00:00:00,crypto-com-chain,0.07566957366178712
2026-03-25 00:00:00,crypto-com-chain,0.07508902930395053
2026-03-26 00:00:00,crypto-com-chain,0.07494414229698079
2026-03-27 00:00:00,crypto-com-chain,0.07361036357160057
2026-03-28 00:00:00,crypto-com-chain,0.07097827041689102
2026-03-29 00:00:00,crypto-com-chain,0.07163175743829836
2026-03-30 00:00:00,crypto-com-chain,0.07014148572160987
2026-03-31 00:00:00,crypto-com-chain,0.06981315316460873
2026-04-01 00:00:00,crypto-com-chain,0.07050551244140431
2026-04-02 00:00:00,crypto-com-chain,0.0708380332911784
2026-04-03 00:00:00,crypto-com-chain,0.07007133737884494
2026-04-04 00:00:00,crypto-com-chain,0.07006466178404142
2026-04-05 00:00:00,crypto-com-chain,0.06981696508688659
2026-04-06 00:00:00,crypto-com-chain,0.06962712745994437
2026-04-07 00:00:00,crypto-com-chain,0.0693005138259604
2026-04-08 00:00:00,crypto-com-chain,0.07184497888352989
2026-04-09 00:00:00,crypto-com-chain,0.06983310164005237
2026-04-10 00:00:00,crypto-com-chain,0.06942346154236408
2026-04-11 00:00:00,crypto-com-chain,0.07025607193495721
2026-04-12 00:00:00,crypto-com-chain,0.06953687046290855
2026-04-13 00:00:00,crypto-com-chain,0.06799701775570081
2026-04-14 00:00:00,crypto-com-chain,0.07018573796435698
2026-04-15 00:00:00,crypto-com-chain,0.06924556808120849
2026-04-16 00:00:00,crypto-com-chain,0.0691144474617546
2026-04-17 00:00:00,crypto-com-chain,0.07109042326176863
2026-04-18 00:00:00,crypto-com-chain,0.07163023357745564
2026-04-19 00:00:00,crypto-com-chain,0.07004134423938732
2026-04-20 00:00:00,crypto-com-chain,0.06878581888252747
2026-04-21 00:00:00,crypto-com-chain,0.07014359243592708
2026-04-22 00:00:00,crypto-com-chain,0.06992090061241948
2026-04-23 00:00:00,crypto-com-chain,0.06982663596300166
2026-04-24 00:00:00,crypto-com-chain,0.06967802486270663
2026-04-25 00:00:00,crypto-com-chain,0.06926040397970655
2026-04-26 00:00:00,crypto-com-chain,0.06995212692077588
2026-04-27 00:00:00,crypto-com-chain,0.07025025452573326
2026-04-28 00:00:00,crypto-com-chain,0.0696909172347374
2026-04-29 00:00:00,crypto-com-chain,0.06907845488852468
2026-04-30 00:00:00,crypto-com-chain,0.06841990795973604
2026-05-01 00:00:00,crypto-com-chain,0.06843168115673873
2026-05-02 00:00:00,crypto-com-chain,0.06868621729602384
2026-05-03 00:00:00,crypto-com-chain,0.06837995672669557
2026-05-04 00:00:00,crypto-com-chain,0.06809547605249903
2026-05-05 00:00:00,crypto-com-chain,0.0685699855971942
2026-05-06 00:00:00,crypto-com-chain,0.06991569131705479
2026-05-07 00:00:00,crypto-com-chain,0.0708614653780265
2026-05-08 00:00:00,crypto-com-chain,0.06946073705374205
2026-05-09 00:00:00,crypto-com-chain,0.07164507906054483
2026-05-10 00:00:00,crypto-com-chain,0.07081606310665922
2026-05-11 00:00:00,crypto-com-chain,0.07571828113079887
2026-05-11 08:50:46,crypto-com-chain,0.0749415725441697
2026-01-12 00:00:00,bittensor,286.4651278650845
2026-01-13 00:00:00,bittensor,280.54108121871985
2026-01-14 00:00:00,bittensor,292.69326725701103
2026-01-15 00:00:00,bittensor,291.3671158697045
2026-01-16 00:00:00,bittensor,279.0313199855703
2026-01-17 00:00:00,bittensor,277.611313913649
2026-01-18 00:00:00,bittensor,273.9061995914614
2026-01-19 00:00:00,bittensor,262.9840898118307
2026-01-20 00:00:00,bittensor,253.5341585478346
2026-01-21 00:00:00,bittensor,233.83520411925937
2026-01-22 00:00:00,bittensor,241.2303407755994
2026-01-23 00:00:00,bittensor,238.80654039747637
2026-01-24 00:00:00,bittensor,236.75347977130804
2026-01-25 00:00:00,bittensor,237.81587242503716
2026-01-26 00:00:00,bittensor,224.05841478526366
2026-01-27 00:00:00,bittensor,234.25818983933286
2026-01-28 00:00:00,bittensor,238.14569720592502
2026-01-29 00:00:00,bittensor,237.65231402587534
2026-01-30 00:00:00,bittensor,220.58158962429457
2026-01-31 00:00:00,bittensor,214.99420363132606
2026-02-01 00:00:00,bittensor,198.77309094417038
2026-02-02 00:00:00,bittensor,189.25897097634922
2026-02-03 00:00:00,bittensor,200.29007570982904
2026-02-04 00:00:00,bittensor,192.4940978986978
2026-02-05 00:00:00,bittensor,188.31319617958223
2026-02-06 00:00:00,bittensor,160.87444986784178
2026-02-07 00:00:00,bittensor,173.5516461896978
2026-02-08 00:00:00,bittensor,167.6983244085966
2026-02-09 00:00:00,bittensor,163.72632801201576
2026-02-10 00:00:00,bittensor,159.56762254939855
2026-02-11 00:00:00,bittensor,154.39087791980592
2026-02-12 00:00:00,bittensor,145.65005666423116
2026-02-13 00:00:00,bittensor,155.4849465125922
2026-02-14 00:00:00,bittensor,177.6831671347513
2026-02-15 00:00:00,bittensor,190.82748723345836
2026-02-16 00:00:00,bittensor,184.3086825854589
2026-02-17 00:00:00,bittensor,198.86785298228145
2026-02-18 00:00:00,bittensor,191.5361844044069
2026-02-19 00:00:00,bittensor,182.75914219165034
2026-02-20 00:00:00,bittensor,177.0595619406259
2026-02-21 00:00:00,bittensor,180.95960748186826
2026-02-22 00:00:00,bittensor,181.9583285278779
2026-02-23 00:00:00,bittensor,173.36025334691195
2026-02-24 00:00:00,bittensor,169.94125549300955
2026-02-25 00:00:00,bittensor,167.30918054958536
2026-02-26 00:00:00,bittensor,178.59643742890015
2026-02-27 00:00:00,bittensor,184.0142924065926
2026-02-28 00:00:00,bittensor,176.26032716306312
2026-03-01 00:00:00,bittensor,183.7011281523475
2026-03-02 00:00:00,bittensor,177.1443908001384
2026-03-03 00:00:00,bittensor,186.50483341546752
2026-03-04 00:00:00,bittensor,183.4918399534113
2026-03-05 00:00:00,bittensor,186.71854752609633
2026-03-06 00:00:00,bittensor,185.76461245511385
2026-03-07 00:00:00,bittensor,176.92343993661544
2026-03-08 00:00:00,bittensor,175.4705148965448
2026-03-09 00:00:00,bittensor,182.8748295911834
2026-03-10 00:00:00,bittensor,193.59571239213224
2026-03-11 00:00:00,bittensor,199.65059080599275
2026-03-12 00:00:00,bittensor,203.69698537724332
2026-03-13 00:00:00,bittensor,216.4583163164132
2026-03-14 00:00:00,bittensor,236.29736919540935
2026-03-15 00:00:00,bittensor,249.28259874369496
2026-03-16 00:00:00,bittensor,284.4115049623557
2026-03-17 00:00:00,bittensor,280.66720209728413
2026-03-18 00:00:00,bittensor,276.28291011673866
2026-03-19 00:00:00,bittensor,272.02626184920155
2026-03-20 00:00:00,bittensor,280.87793720315847
2026-03-21 00:00:00,bittensor,271.3388728882261
2026-03-22 00:00:00,bittensor,270.4467616827726
2026-03-23 00:00:00,bittensor,262.34663379157865
2026-03-24 00:00:00,bittensor,292.91304282418145
2026-03-25 00:00:00,bittensor,335.2242744777399
2026-03-26 00:00:00,bittensor,344.9395086839421
2026-03-27 00:00:00,bittensor,337.2784683404111
2026-03-28 00:00:00,bittensor,315.51391618240774
2026-03-29 00:00:00,bittensor,315.0135410501731
2026-03-30 00:00:00,bittensor,314.97621925616346
2026-03-31 00:00:00,bittensor,310.77892063817285
2026-04-01 00:00:00,bittensor,306.11297991226604
2026-04-02 00:00:00,bittensor,307.89172006223845
2026-04-03 00:00:00,bittensor,300.14116168869305
2026-04-04 00:00:00,bittensor,308.4914228959809
2026-04-05 00:00:00,bittensor,301.2866820305673
2026-04-06 00:00:00,bittensor,308.8652232595703
2026-04-07 00:00:00,bittensor,313.44157720250814
2026-04-08 00:00:00,bittensor,336.6132067807516
2026-04-09 00:00:00,bittensor,324.83380978724193
2026-04-10 00:00:00,bittensor,309.57122962091523
2026-04-11 00:00:00,bittensor,257.3106093594317
2026-04-12 00:00:00,bittensor,273.05772089771216
2026-04-13 00:00:00,bittensor,259.0350011999673
2026-04-14 00:00:00,bittensor,261.0393240907068
2026-04-15 00:00:00,bittensor,239.28580222935466
2026-04-16 00:00:00,bittensor,241.4800331972335
2026-04-17 00:00:00,bittensor,252.33622040763905
2026-04-18 00:00:00,bittensor,258.13877990969115
2026-04-19 00:00:00,bittensor,244.4671081352814
2026-04-20 00:00:00,bittensor,239.48438045054905
2026-04-21 00:00:00,bittensor,244.32803182761202
2026-04-22 00:00:00,bittensor,244.50102593986193
2026-04-23 00:00:00,bittensor,246.2240880745124
2026-04-24 00:00:00,bittensor,252.51180400903561
2026-04-25 00:00:00,bittensor,248.3666293220507
2026-04-26 00:00:00,bittensor,247.71521639185192
2026-04-27 00:00:00,bittensor,251.7379325462577
2026-04-28 00:00:00,bittensor,247.70954285132544
2026-04-29 00:00:00,bittensor,258.16306883427006
2026-04-30 00:00:00,bittensor,254.05245302134045
2026-05-01 00:00:00,bittensor,248.74103345439843
2026-05-02 00:00:00,bittensor,270.53310215457674
2026-05-03 00:00:00,bittensor,286.60320741645097
2026-05-04 00:00:00,bittensor,289.3217436236682
2026-05-05 00:00:00,bittensor,285.07827551836937
2026-05-06 00:00:00,bittensor,292.30345156177157
2026-05-07 00:00:00,bittensor,308.3045845969676
2026-05-08 00:00:00,bittensor,301.9637553062979
2026-05-09 00:00:00,bittensor,315.07755145123963
2026-05-10 00:00:00,bittensor,307.8316399502854
2026-05-11 00:00:00,bittensor,320.7571739853022
2026-05-11 08:50:49,bittensor,320.5890251033301
2026-01-12 00:00:00,hashnote-usyc,1.1116750857129054
2026-01-13 00:00:00,hashnote-usyc,1.1116750857129054
2026-01-14 00:00:00,hashnote-usyc,1.1135769609636346
2026-01-15 00:00:00,hashnote-usyc,1.1135769609636346
2026-01-16 00:00:00,hashnote-usyc,1.1124717110832594
2026-01-17 00:00:00,hashnote-usyc,1.1123729262902124
2026-01-30 00:00:00,hashnote-usyc,1.113469514555787
2026-01-31 00:00:00,hashnote-usyc,1.113469514555787
2026-02-01 00:00:00,hashnote-usyc,1.1135782214130188
2026-02-02 00:00:00,hashnote-usyc,1.1137723173065612
2026-02-03 00:00:00,hashnote-usyc,1.1137723173065612
2026-02-04 00:00:00,hashnote-usyc,1.114164184615285
2026-02-05 00:00:00,hashnote-usyc,1.1141876915247735
2026-02-06 00:00:00,hashnote-usyc,1.1143456937845244
2026-02-07 00:00:00,hashnote-usyc,1.1143797533862827
2026-02-08 00:00:00,hashnote-usyc,1.11437708
2026-02-09 00:00:00,hashnote-usyc,1.115103447480982
2026-02-10 00:00:00,hashnote-usyc,1.115103447480982
2026-02-11 00:00:00,hashnote-usyc,1.1150076044054593
2026-02-25 00:00:00,hashnote-usyc,1.118100941217404
2026-02-26 00:00:00,hashnote-usyc,1.118100941217404
2026-02-27 00:00:00,hashnote-usyc,1.1180958435367827
2026-02-28 00:00:00,hashnote-usyc,1.116898900914697
2026-03-01 00:00:00,hashnote-usyc,1.1169002054638049
2026-03-02 00:00:00,hashnote-usyc,1.1180898328322348
2026-03-03 00:00:00,hashnote-usyc,1.1180898328322348
2026-03-04 00:00:00,hashnote-usyc,1.118697664946789
2026-03-05 00:00:00,hashnote-usyc,1.1186982712424456
2026-03-06 00:00:00,hashnote-usyc,1.1186982712424456
2026-03-12 00:00:00,hashnote-usyc,1.119292763014789
2026-03-13 00:00:00,hashnote-usyc,1.119292763014789
2026-03-16 00:00:00,hashnote-usyc,1.119591983551479
2026-03-17 00:00:00,hashnote-usyc,1.119591983551479
2026-03-18 00:00:00,hashnote-usyc,1.118591375039606
2026-03-19 00:00:00,hashnote-usyc,1.118591375039606
2026-03-20 00:00:00,hashnote-usyc,1.1187964422851533
2026-03-21 00:00:00,hashnote-usyc,1.1187962127945321
2026-03-23 00:00:00,hashnote-usyc,1.1189922481019703
2026-03-24 00:00:00,hashnote-usyc,1.1189922481019703
2026-03-27 00:00:00,hashnote-usyc,1.1192883854890783
2026-03-28 00:00:00,hashnote-usyc,1.1192883854890783
2026-03-29 00:00:00,hashnote-usyc,1.11929125391948
2026-03-31 00:00:00,hashnote-usyc,1.1209082252240141
2026-04-01 00:00:00,hashnote-usyc,1.1209082252240141
2026-04-02 00:00:00,hashnote-usyc,1.1210896910671015
2026-04-06 00:00:00,hashnote-usyc,1.1214888761196937
2026-04-07 00:00:00,hashnote-usyc,1.1214888761196937
2026-04-08 00:00:00,hashnote-usyc,1.1204933984892356
2026-04-09 00:00:00,hashnote-usyc,1.1219985983660448
2026-04-10 00:00:00,hashnote-usyc,1.1209878899999999
2026-04-21 00:00:00,hashnote-usyc,1.1230690218557544
2026-04-22 00:00:00,hashnote-usyc,1.1230690218557544
2026-04-23 00:00:00,hashnote-usyc,1.1231694837957615
2026-04-24 00:00:00,hashnote-usyc,1.1221757528090799
2026-04-25 00:00:00,hashnote-usyc,1.1217654883140669
2026-04-26 00:00:00,hashnote-usyc,1.1218718826224494
2026-04-27 00:00:00,hashnote-usyc,1.122589219164189
2026-04-28 00:00:00,hashnote-usyc,1.122589219164189
2026-04-29 00:00:00,hashnote-usyc,1.12258773
2026-04-30 00:00:00,hashnote-usyc,1.122783214824929
2026-04-30 15:46:49,hashnote-usyc,1.122669553521691
2026-05-01 00:00:00,hashnote-usyc,1.122669553521691
2026-01-12 00:00:00,global-dollar,0.9996227174431995
2026-01-13 00:00:00,global-dollar,0.9996605549521375
2026-01-14 00:00:00,global-dollar,0.9996911127376827
2026-01-15 00:00:00,global-dollar,0.9997809289850288
2026-01-16 00:00:00,global-dollar,0.9997398244718444
2026-01-17 00:00:00,global-dollar,0.9997721741397563
2026-01-18 00:00:00,global-dollar,0.9997838655102128
2026-01-19 00:00:00,global-dollar,0.999574954634926
2026-01-20 00:00:00,global-dollar,0.9996980542060575
2026-01-21 00:00:00,global-dollar,0.9997116601979816
2026-01-22 00:00:00,global-dollar,0.9996985293847676
2026-01-23 00:00:00,global-dollar,0.9997767258748268
2026-01-24 00:00:00,global-dollar,0.9996512417581196
2026-01-25 00:00:00,global-dollar,0.9996547584107739
2026-01-26 00:00:00,global-dollar,0.9998219246074298
2026-01-27 00:00:00,global-dollar,0.9996460171831336
2026-01-28 00:00:00,global-dollar,0.9996035851812529
2026-01-29 00:00:00,global-dollar,0.9996682810862678
2026-01-30 00:00:00,global-dollar,0.9997618874340416
2026-01-31 00:00:00,global-dollar,0.9997159531337052
2026-02-01 00:00:00,global-dollar,0.9995590470660094
2026-02-02 00:00:00,global-dollar,0.9997517879929391
2026-02-03 00:00:00,global-dollar,0.9997102030539566
2026-02-04 00:00:00,global-dollar,0.9996063424691543
2026-02-05 00:00:00,global-dollar,0.9996822346270997
2026-02-06 00:00:00,global-dollar,0.9995441336646461
2026-02-07 00:00:00,global-dollar,0.9997933011398509
2026-02-08 00:00:00,global-dollar,0.9997090896874119
2026-02-09 00:00:00,global-dollar,0.9997456360851209
2026-02-10 00:00:00,global-dollar,0.9997227803464717
2026-02-11 00:00:00,global-dollar,0.9998663862767495
2026-02-12 00:00:00,global-dollar,0.9997709903692229
2026-02-13 00:00:00,global-dollar,0.999818263486815
2026-02-14 00:00:00,global-dollar,0.999728854462289
2026-02-15 00:00:00,global-dollar,0.9998134848478397
2026-02-16 00:00:00,global-dollar,0.9998903621362555
2026-02-17 00:00:00,global-dollar,0.9998801065284895
2026-02-18 00:00:00,global-dollar,0.9999421449832752
2026-02-19 00:00:00,global-dollar,0.9997319606769791
2026-02-20 00:00:00,global-dollar,0.9999313182941995
2026-02-21 00:00:00,global-dollar,0.9998295540750304
2026-02-22 00:00:00,global-dollar,1.0000292638891375
2026-02-23 00:00:00,global-dollar,0.9999515966078852
2026-02-24 00:00:00,global-dollar,0.9996988131080269
2026-02-25 00:00:00,global-dollar,0.9998353782133559
2026-02-26 00:00:00,global-dollar,0.9999614162531628
2026-02-27 00:00:00,global-dollar,0.9999812188954725
2026-02-28 00:00:00,global-dollar,1.000049907023586
2026-03-01 00:00:00,global-dollar,0.9998033210161364
2026-03-02 00:00:00,global-dollar,0.9998588161054164
2026-03-03 00:00:00,global-dollar,0.9999476786019437
2026-03-04 00:00:00,global-dollar,0.9999825555646857
2026-03-05 00:00:00,global-dollar,0.999890175219758
2026-03-06 00:00:00,global-dollar,0.9997689718127241
2026-03-07 00:00:00,global-dollar,0.9999048022308229
2026-03-08 00:00:00,global-dollar,1.0000604096531829
2026-03-09 00:00:00,global-dollar,1.0000912771459365
2026-03-10 00:00:00,global-dollar,1.0000836748689501
2026-03-11 00:00:00,global-dollar,0.9999737138733015
2026-03-12 00:00:00,global-dollar,0.9999525309259499
2026-03-13 00:00:00,global-dollar,0.9999906912914347
2026-03-14 00:00:00,global-dollar,1.000018697248513
2026-03-15 00:00:00,global-dollar,1.000179882952432
2026-03-16 00:00:00,global-dollar,1.000009159889368
2026-03-17 00:00:00,global-dollar,0.9997914780408937
2026-03-18 00:00:00,global-dollar,1.0000431232457736
2026-03-19 00:00:00,global-dollar,0.9999909351723617
2026-03-20 00:00:00,global-dollar,0.9999755213114867
2026-03-21 00:00:00,global-dollar,0.9999610470948791
2026-03-22 00:00:00,global-dollar,0.9999282289597711
2026-03-23 00:00:00,global-dollar,0.9997045719247512
2026-03-24 00:00:00,global-dollar,0.9998409173847307
2026-03-25 00:00:00,global-dollar,0.9999264437055431
2026-03-26 00:00:00,global-dollar,0.9999148026354606
2026-03-27 00:00:00,global-dollar,0.9999465748998618
2026-03-28 00:00:00,global-dollar,0.9999038450466745
2026-03-29 00:00:00,global-dollar,0.9997684758985804
2026-03-30 00:00:00,global-dollar,0.9998521272363757
2026-03-31 00:00:00,global-dollar,0.9997567585371246
2026-04-01 00:00:00,global-dollar,0.9997100146927517
2026-04-02 00:00:00,global-dollar,0.9998890845708865
2026-04-03 00:00:00,global-dollar,0.9999578981591088
2026-04-04 00:00:00,global-dollar,1.000014080764295
2026-04-05 00:00:00,global-dollar,1.0000813056919535
2026-04-06 00:00:00,global-dollar,0.9999146447155562
2026-04-07 00:00:00,global-dollar,0.9999673026613547
2026-04-08 00:00:00,global-dollar,0.9999611220943279
2026-04-09 00:00:00,global-dollar,0.9999649209393402
2026-04-10 00:00:00,global-dollar,0.9998644342122459
2026-04-11 00:00:00,global-dollar,1.0000300496200263
2026-04-12 00:00:00,global-dollar,0.9999726170213143
2026-04-13 00:00:00,global-dollar,0.9998676879866016
2026-04-14 00:00:00,global-dollar,0.999887618178331
2026-04-15 00:00:00,global-dollar,0.9996693425893189
2026-04-16 00:00:00,global-dollar,0.9999222239895281
2026-04-17 00:00:00,global-dollar,0.9999405585611452
2026-04-18 00:00:00,global-dollar,0.9996708663186264
2026-04-19 00:00:00,global-dollar,0.9999128424450674
2026-04-20 00:00:00,global-dollar,0.9996771592165729
2026-04-21 00:00:00,global-dollar,1.0000006478642856
2026-04-22 00:00:00,global-dollar,0.9997541213745093
2026-04-23 00:00:00,global-dollar,0.9998974158252842
2026-04-24 00:00:00,global-dollar,1.0001225564155323
2026-04-25 00:00:00,global-dollar,0.9998936038841066
2026-04-26 00:00:00,global-dollar,0.9997987233529527
2026-04-27 00:00:00,global-dollar,0.9999149094132672
2026-04-28 00:00:00,global-dollar,0.9998047413927287
2026-04-29 00:00:00,global-dollar,0.9998135615930067
2026-04-30 00:00:00,global-dollar,0.9998310120978746
2026-05-01 00:00:00,global-dollar,0.9996791500529062
2026-05-02 00:00:00,global-dollar,0.9999047435707821
2026-05-03 00:00:00,global-dollar,0.9998592919567637
2026-05-04 00:00:00,global-dollar,0.999842022161782
2026-05-05 00:00:00,global-dollar,0.9998907772550977
2026-05-06 00:00:00,global-dollar,0.9998549326772325
2026-05-07 00:00:00,global-dollar,0.9997946918455648
2026-05-08 00:00:00,global-dollar,0.9998998472500608
2026-05-09 00:00:00,global-dollar,0.999955165462706
2026-05-10 00:00:00,global-dollar,0.9998249592389375
2026-05-11 00:00:00,global-dollar,0.9999094301756375
2026-05-11 08:51:05,global-dollar,0.9997864636080452
2026-01-12 00:00:00,tether-gold,4533.1913056395115
2026-01-13 00:00:00,tether-gold,4585.839770263833
2026-01-14 00:00:00,tether-gold,4591.5725579058835
2026-01-15 00:00:00,tether-gold,4608.526506921547
2026-01-16 00:00:00,tether-gold,4601.7159420635735
2026-01-17 00:00:00,tether-gold,4591.541126992792
2026-01-18 00:00:00,tether-gold,4600.207762110481
2026-01-19 00:00:00,tether-gold,4664.128086149496
2026-01-20 00:00:00,tether-gold,4664.463426006022
2026-01-21 00:00:00,tether-gold,4779.090355838866
2026-01-22 00:00:00,tether-gold,4791.70021558201
2026-01-23 00:00:00,tether-gold,4950.4040152991265
2026-01-24 00:00:00,tether-gold,4987.920939656596
2026-01-25 00:00:00,tether-gold,5030.217479099511
2026-01-26 00:00:00,tether-gold,5038.542485714081
2026-01-27 00:00:00,tether-gold,5048.909581037788
2026-01-28 00:00:00,tether-gold,5169.248328811158
2026-01-29 00:00:00,tether-gold,5504.615455236509
2026-01-30 00:00:00,tether-gold,5440.540674021921
2026-01-31 00:00:00,tether-gold,4889.473141371071
2026-02-01 00:00:00,tether-gold,4802.519062388135
2026-02-02 00:00:00,tether-gold,4734.358652698938
2026-02-03 00:00:00,tether-gold,4756.1499251334235
2026-02-04 00:00:00,tether-gold,4929.090007364658
2026-02-05 00:00:00,tether-gold,4998.441553172704
2026-02-06 00:00:00,tether-gold,4918.626880792428
2026-02-07 00:00:00,tether-gold,4893.855529196568
2026-02-08 00:00:00,tether-gold,4955.04079471673
2026-02-09 00:00:00,tether-gold,5011.327477112514
2026-02-10 00:00:00,tether-gold,5014.560564058115
2026-02-11 00:00:00,tether-gold,5014.183788858113
2026-02-12 00:00:00,tether-gold,5036.475423189167
2026-02-13 00:00:00,tether-gold,4889.125222893802
2026-02-14 00:00:00,tether-gold,5011.943840950993
2026-02-15 00:00:00,tether-gold,4993.269236167482
2026-02-16 00:00:00,tether-gold,4992.694082660442
2026-02-17 00:00:00,tether-gold,4968.252882462609
2026-02-18 00:00:00,tether-gold,4844.385930141482
2026-02-19 00:00:00,tether-gold,4954.835234229035
2026-02-20 00:00:00,tether-gold,4978.379783258654
2026-02-21 00:00:00,tether-gold,5082.171730418693
2026-02-22 00:00:00,tether-gold,5104.720346556067
2026-02-23 00:00:00,tether-gold,5149.030224552682
2026-02-24 00:00:00,tether-gold,5216.213173982726
2026-02-25 00:00:00,tether-gold,5136.301338182081
2026-02-26 00:00:00,tether-gold,5148.556430278234
2026-02-27 00:00:00,tether-gold,5164.452715881286
2026-02-28 00:00:00,tether-gold,5261.316307306386
2026-03-01 00:00:00,tether-gold,5304.25744839016
2026-03-02 00:00:00,tether-gold,5361.082827992812
2026-03-03 00:00:00,tether-gold,5307.603751812119
2026-03-04 00:00:00,tether-gold,5101.213911895617
2026-03-05 00:00:00,tether-gold,5127.065731365776
2026-03-06 00:00:00,tether-gold,5069.932799890518
2026-03-07 00:00:00,tether-gold,5138.240372297672
2026-03-08 00:00:00,tether-gold,5144.03501223092
2026-03-09 00:00:00,tether-gold,5036.749209801203
2026-03-10 00:00:00,tether-gold,5107.361046448117
2026-03-11 00:00:00,tether-gold,5155.567147439083
2026-03-12 00:00:00,tether-gold,5104.746969045455
2026-03-13 00:00:00,tether-gold,5079.572587979631
2026-03-14 00:00:00,tether-gold,4999.48004069016
2026-03-15 00:00:00,tether-gold,4991.518883904293
2026-03-16 00:00:00,tether-gold,4952.30597044839
2026-03-17 00:00:00,tether-gold,4972.3972073129635
2026-03-18 00:00:00,tether-gold,4968.944295111824
2026-03-19 00:00:00,tether-gold,4815.855720297315
2026-03-20 00:00:00,tether-gold,4646.435386936065
2026-03-21 00:00:00,tether-gold,4495.4879091509265
2026-03-22 00:00:00,tether-gold,4491.5446848243955
2026-03-23 00:00:00,tether-gold,4469.089446610492
2026-03-24 00:00:00,tether-gold,4431.367146470595
2026-03-25 00:00:00,tether-gold,4533.615340017429
2026-03-26 00:00:00,tether-gold,4491.2955696239405
2026-03-27 00:00:00,tether-gold,4401.225336980957
2026-03-28 00:00:00,tether-gold,4490.957858676648
2026-03-29 00:00:00,tether-gold,4486.061240966471
2026-03-30 00:00:00,tether-gold,4445.372685334547
2026-03-31 00:00:00,tether-gold,4504.9882394356355
2026-04-01 00:00:00,tether-gold,4660.69526987163
2026-04-02 00:00:00,tether-gold,4745.616568401749
2026-04-03 00:00:00,tether-gold,4649.389509388501
2026-04-04 00:00:00,tether-gold,4631.065967907721
2026-04-05 00:00:00,tether-gold,4635.625495402768
2026-04-06 00:00:00,tether-gold,4587.846999586993
2026-04-07 00:00:00,tether-gold,4623.7318257291545
2026-04-08 00:00:00,tether-gold,4774.410615718999
2026-04-09 00:00:00,tether-gold,4694.174661316238
2026-04-10 00:00:00,tether-gold,4736.015525943882
2026-04-11 00:00:00,tether-gold,4722.923106878658
2026-04-12 00:00:00,tether-gold,4725.123846637845
2026-04-13 00:00:00,tether-gold,4644.744891624567
2026-04-14 00:00:00,tether-gold,4732.775568817761
2026-04-15 00:00:00,tether-gold,4814.99740494638
2026-04-16 00:00:00,tether-gold,4804.05876117398
2026-04-17 00:00:00,tether-gold,4774.300075069816
2026-04-18 00:00:00,tether-gold,4816.87481210636
2026-04-19 00:00:00,tether-gold,4778.151280705353
2026-04-20 00:00:00,tether-gold,4730.9217857140575
2026-04-21 00:00:00,tether-gold,4802.036476039197
2026-04-22 00:00:00,tether-gold,4727.249049368617
2026-04-23 00:00:00,tether-gold,4710.610843944049
2026-04-24 00:00:00,tether-gold,4688.755686894513
2026-04-25 00:00:00,tether-gold,4691.42709000189
2026-04-26 00:00:00,tether-gold,4691.283453470773
2026-04-27 00:00:00,tether-gold,4675.295831262553
2026-04-28 00:00:00,tether-gold,4686.103048419041
2026-04-29 00:00:00,tether-gold,4585.246621609088
2026-04-30 00:00:00,tether-gold,4555.189423716227
2026-05-01 00:00:00,tether-gold,4616.1589110909445
2026-05-02 00:00:00,tether-gold,4601.932325045723
2026-05-03 00:00:00,tether-gold,4597.473419605468
2026-05-04 00:00:00,tether-gold,4606.686364659852
2026-05-05 00:00:00,tether-gold,4516.372327900074
2026-05-06 00:00:00,tether-gold,4583.208944324984
2026-05-07 00:00:00,tether-gold,4682.732342520926
2026-05-08 00:00:00,tether-gold,4693.871572353481
2026-05-09 00:00:00,tether-gold,4700.672478260834
2026-05-10 00:00:00,tether-gold,4707.775566026652
2026-05-11 00:00:00,tether-gold,4689.9461996349255
2026-05-11 08:51:02,tether-gold,4667.399004031906
2026-01-12 00:00:00,uniswap,5.436123578684848
2026-01-13 00:00:00,uniswap,5.358587596051589
2026-01-14 00:00:00,uniswap,5.712798145650386
2026-01-15 00:00:00,uniswap,5.683822028016624
2026-01-16 00:00:00,uniswap,5.349700627600873
2026-01-17 00:00:00,uniswap,5.312449456310942
2026-01-18 00:00:00,uniswap,5.352631557377255
2026-01-19 00:00:00,uniswap,5.133225096239714
2026-01-20 00:00:00,uniswap,5.026259248003374
2026-01-21 00:00:00,uniswap,4.801630762816972
2026-01-22 00:00:00,uniswap,4.9319152843481575
2026-01-23 00:00:00,uniswap,4.833937644966607
2026-01-24 00:00:00,uniswap,4.873019859720341
2026-01-25 00:00:00,uniswap,4.84948813435747
2026-01-26 00:00:00,uniswap,4.629599278008278
2026-01-27 00:00:00,uniswap,4.712322352527813
2026-01-28 00:00:00,uniswap,4.801102033813696
2026-01-29 00:00:00,uniswap,4.823428108945215
2026-01-30 00:00:00,uniswap,4.393302428533402
2026-01-31 00:00:00,uniswap,4.271704682535962
2026-02-01 00:00:00,uniswap,3.94569212067087
2026-02-02 00:00:00,uniswap,3.8489896776360895
2026-02-03 00:00:00,uniswap,3.925427647377358
2026-02-04 00:00:00,uniswap,3.8448771753210806
2026-02-05 00:00:00,uniswap,3.8052247167547595
2026-02-06 00:00:00,uniswap,3.1769659262659595
2026-02-07 00:00:00,uniswap,3.552801621520323
2026-02-08 00:00:00,uniswap,3.5450192929756636
2026-02-09 00:00:00,uniswap,3.4761697853563107
2026-02-10 00:00:00,uniswap,3.4952659590974386
2026-02-11 00:00:00,uniswap,3.3622163386059944
2026-02-12 00:00:00,uniswap,3.374170206944431
2026-02-13 00:00:00,uniswap,3.2452987282668873
2026-02-14 00:00:00,uniswap,3.3960802125595544
2026-02-15 00:00:00,uniswap,3.624599238406535
2026-02-16 00:00:00,uniswap,3.471448823603573
2026-02-17 00:00:00,uniswap,3.6063396950319775
2026-02-18 00:00:00,uniswap,3.525303570001379
2026-02-19 00:00:00,uniswap,3.3991548179983013
2026-02-20 00:00:00,uniswap,3.387198065444971
2026-02-21 00:00:00,uniswap,3.4884718780099275
2026-02-22 00:00:00,uniswap,3.6098403158258967
2026-02-23 00:00:00,uniswap,3.480103314928989
2026-02-24 00:00:00,uniswap,3.341326174832701
2026-02-25 00:00:00,uniswap,3.3372472152101365
2026-02-26 00:00:00,uniswap,4.0096787156711375
2026-02-27 00:00:00,uniswap,3.87439248379153
2026-02-28 00:00:00,uniswap,3.7435698913841424
2026-03-01 00:00:00,uniswap,3.8186616385484053
2026-03-02 00:00:00,uniswap,3.7490661975518345
2026-03-03 00:00:00,uniswap,3.9244033206210682
2026-03-04 00:00:00,uniswap,3.915364457452824
2026-03-05 00:00:00,uniswap,3.9815618376791937
2026-03-06 00:00:00,uniswap,3.9807583683136882
2026-03-07 00:00:00,uniswap,3.8501121975877144
2026-03-08 00:00:00,uniswap,3.7667863844870535
2026-03-09 00:00:00,uniswap,3.6582093108026426
2026-03-10 00:00:00,uniswap,3.859009994642292
2026-03-11 00:00:00,uniswap,3.842539966304297
2026-03-12 00:00:00,uniswap,3.892671677018307
2026-03-13 00:00:00,uniswap,3.9229605948513635
2026-03-14 00:00:00,uniswap,4.001879201095426
2026-03-15 00:00:00,uniswap,3.948439917486264
2026-03-16 00:00:00,uniswap,4.053507638709612
2026-03-17 00:00:00,uniswap,4.160276545560624
2026-03-18 00:00:00,uniswap,3.957114452097639
2026-03-19 00:00:00,uniswap,3.6801550744439364
2026-03-20 00:00:00,uniswap,3.5766251019060022
2026-03-21 00:00:00,uniswap,3.610149187581285
2026-03-22 00:00:00,uniswap,3.5230029843750508
2026-03-23 00:00:00,uniswap,3.470205127696691
2026-03-24 00:00:00,uniswap,3.5800375134721505
2026-03-25 00:00:00,uniswap,3.609549949671686
2026-03-26 00:00:00,uniswap,3.6999670652893646
2026-03-27 00:00:00,uniswap,3.5271757408064204
2026-03-28 00:00:00,uniswap,3.386790415916436
2026-03-29 00:00:00,uniswap,3.377846582995965
2026-03-30 00:00:00,uniswap,3.3510082875274705
2026-03-31 00:00:00,uniswap,3.47453707121789
2026-04-01 00:00:00,uniswap,3.540301676774776
2026-04-02 00:00:00,uniswap,3.566090893419562
2026-04-03 00:00:00,uniswap,3.1719513545859765
2026-04-04 00:00:00,uniswap,3.167966591553559
2026-04-05 00:00:00,uniswap,3.1238160445312966
2026-04-06 00:00:00,uniswap,3.1405023551804394
2026-04-07 00:00:00,uniswap,3.0986339075408167
2026-04-08 00:00:00,uniswap,3.303117989259914
2026-04-09 00:00:00,uniswap,3.1165383159635036
2026-04-10 00:00:00,uniswap,3.1063645014845704
2026-04-11 00:00:00,uniswap,3.1645112055085267
2026-04-12 00:00:00,uniswap,3.1512567733797896
2026-04-13 00:00:00,uniswap,3.0210897329688065
2026-04-14 00:00:00,uniswap,3.2415642905734616
2026-04-15 00:00:00,uniswap,3.131495590016337
2026-04-16 00:00:00,uniswap,3.2232396430171635
2026-04-17 00:00:00,uniswap,3.4262076239170303
2026-04-18 00:00:00,uniswap,3.465349969612912
2026-04-19 00:00:00,uniswap,3.3567463362321934
2026-04-20 00:00:00,uniswap,3.2315045179679176
2026-04-21 00:00:00,uniswap,3.2316511240865147
2026-04-22 00:00:00,uniswap,3.271942276846699
2026-04-23 00:00:00,uniswap,3.3213155323350283
2026-04-24 00:00:00,uniswap,3.295830201879858
2026-04-25 00:00:00,uniswap,3.252853204606787
2026-04-26 00:00:00,uniswap,3.259040649867442
2026-04-27 00:00:00,uniswap,3.2891956773246087
2026-04-28 00:00:00,uniswap,3.2448401998339214
2026-04-29 00:00:00,uniswap,3.241527480781009
2026-04-30 00:00:00,uniswap,3.19169886092331
2026-05-01 00:00:00,uniswap,3.1899124240197376
2026-05-02 00:00:00,uniswap,3.2030104359770073
2026-05-03 00:00:00,uniswap,3.2532196529020876
2026-05-04 00:00:00,uniswap,3.2358992989807485
2026-05-05 00:00:00,uniswap,3.2702888856078176
2026-05-06 00:00:00,uniswap,3.3575716823677677
2026-05-07 00:00:00,uniswap,3.4662740626913737
2026-05-08 00:00:00,uniswap,3.4379912883417107
2026-05-09 00:00:00,uniswap,3.6988882259963445
2026-05-10 00:00:00,uniswap,3.7949295422244864
2026-05-11 00:00:00,uniswap,3.9987678568719445
2026-05-11 08:51:03,uniswap,3.9290621479092356
2026-01-12 00:00:00,blackrock-usd-institutional-digital-liquidity-fund,1.0
2026-01-13 00:00:00,blackrock-usd-institutional-digital-liquidity-fund,1.0
2026-01-14 00:00:00,blackrock-usd-institutional-digital-liquidity-fund,1.0
2026-01-15 00:00:00,blackrock-usd-institutional-digital-liquidity-fund,1.0
2026-01-16 00:00:00,blackrock-usd-institutional-digital-liquidity-fund,1.0
2026-01-17 00:00:00,blackrock-usd-institutional-digital-liquidity-fund,1.0
2026-01-18 00:00:00,blackrock-usd-institutional-digital-liquidity-fund,1.0
2026-01-19 00:00:00,blackrock-usd-institutional-digital-liquidity-fund,1.0
2026-01-20 00:00:00,blackrock-usd-institutional-digital-liquidity-fund,1.0
2026-01-21 00:00:00,blackrock-usd-institutional-digital-liquidity-fund,1.0
2026-01-22 00:00:00,blackrock-usd-institutional-digital-liquidity-fund,1.0
2026-01-23 00:00:00,blackrock-usd-institutional-digital-liquidity-fund,1.0
2026-01-24 00:00:00,blackrock-usd-institutional-digital-liquidity-fund,1.0
2026-01-25 00:00:00,blackrock-usd-institutional-digital-liquidity-fund,1.0
2026-01-26 00:00:00,blackrock-usd-institutional-digital-liquidity-fund,1.0
2026-01-27 00:00:00,blackrock-usd-institutional-digital-liquidity-fund,1.0
2026-01-28 00:00:00,blackrock-usd-institutional-digital-liquidity-fund,1.0
2026-01-29 00:00:00,blackrock-usd-institutional-digital-liquidity-fund,1.0
2026-01-30 00:00:00,blackrock-usd-institutional-digital-liquidity-fund,1.0
2026-01-31 00:00:00,blackrock-usd-institutional-digital-liquidity-fund,1.0
2026-02-01 00:00:00,blackrock-usd-institutional-digital-liquidity-fund,1.0
2026-02-02 00:00:00,blackrock-usd-institutional-digital-liquidity-fund,1.0
2026-02-03 00:00:00,blackrock-usd-institutional-digital-liquidity-fund,1.0
2026-02-04 00:00:00,blackrock-usd-institutional-digital-liquidity-fund,1.0
2026-02-05 00:00:00,blackrock-usd-institutional-digital-liquidity-fund,1.0
2026-02-06 00:00:00,blackrock-usd-institutional-digital-liquidity-fund,1.0
2026-02-07 00:00:00,blackrock-usd-institutional-digital-liquidity-fund,1.0
2026-02-08 00:00:00,blackrock-usd-institutional-digital-liquidity-fund,1.0
2026-02-09 00:00:00,blackrock-usd-institutional-digital-liquidity-fund,1.0
2026-02-10 00:00:00,blackrock-usd-institutional-digital-liquidity-fund,1.0
2026-02-11 00:00:00,blackrock-usd-institutional-digital-liquidity-fund,1.0
2026-02-12 00:00:00,blackrock-usd-institutional-digital-liquidity-fund,1.0
2026-02-13 00:00:00,blackrock-usd-institutional-digital-liquidity-fund,1.0
2026-02-14 00:00:00,blackrock-usd-institutional-digital-liquidity-fund,1.0
2026-02-15 00:00:00,blackrock-usd-institutional-digital-liquidity-fund,1.0
2026-02-16 00:00:00,blackrock-usd-institutional-digital-liquidity-fund,1.0
2026-02-17 00:00:00,blackrock-usd-institutional-digital-liquidity-fund,1.0
2026-02-18 00:00:00,blackrock-usd-institutional-digital-liquidity-fund,1.0
2026-02-19 00:00:00,blackrock-usd-institutional-digital-liquidity-fund,1.0
2026-02-20 00:00:00,blackrock-usd-institutional-digital-liquidity-fund,1.0
2026-02-21 00:00:00,blackrock-usd-institutional-digital-liquidity-fund,1.0
2026-02-22 00:00:00,blackrock-usd-institutional-digital-liquidity-fund,1.0
2026-02-23 00:00:00,blackrock-usd-institutional-digital-liquidity-fund,1.0
2026-02-24 00:00:00,blackrock-usd-institutional-digital-liquidity-fund,1.0
2026-02-25 00:00:00,blackrock-usd-institutional-digital-liquidity-fund,1.0
2026-02-26 00:00:00,blackrock-usd-institutional-digital-liquidity-fund,1.0
2026-02-27 00:00:00,blackrock-usd-institutional-digital-liquidity-fund,1.0
2026-02-28 00:00:00,blackrock-usd-institutional-digital-liquidity-fund,1.0
2026-03-01 00:00:00,blackrock-usd-institutional-digital-liquidity-fund,1.0
2026-03-02 00:00:00,blackrock-usd-institutional-digital-liquidity-fund,1.0
2026-03-03 00:00:00,blackrock-usd-institutional-digital-liquidity-fund,1.0
2026-03-04 00:00:00,blackrock-usd-institutional-digital-liquidity-fund,1.0
2026-03-05 00:00:00,blackrock-usd-institutional-digital-liquidity-fund,1.0
2026-03-06 00:00:00,blackrock-usd-institutional-digital-liquidity-fund,1.0
2026-03-07 00:00:00,blackrock-usd-institutional-digital-liquidity-fund,1.0
2026-03-08 00:00:00,blackrock-usd-institutional-digital-liquidity-fund,1.0
2026-03-09 00:00:00,blackrock-usd-institutional-digital-liquidity-fund,1.0
2026-03-10 00:00:00,blackrock-usd-institutional-digital-liquidity-fund,1.0
2026-03-11 00:00:00,blackrock-usd-institutional-digital-liquidity-fund,1.0
2026-03-12 00:00:00,blackrock-usd-institutional-digital-liquidity-fund,1.0
2026-03-13 00:00:00,blackrock-usd-institutional-digital-liquidity-fund,1.0
2026-03-14 00:00:00,blackrock-usd-institutional-digital-liquidity-fund,1.0
2026-03-15 00:00:00,blackrock-usd-institutional-digital-liquidity-fund,1.0
2026-03-16 00:00:00,blackrock-usd-institutional-digital-liquidity-fund,1.0
2026-03-17 00:00:00,blackrock-usd-institutional-digital-liquidity-fund,1.0
2026-03-18 00:00:00,blackrock-usd-institutional-digital-liquidity-fund,1.0
2026-03-19 00:00:00,blackrock-usd-institutional-digital-liquidity-fund,1.0
2026-03-20 00:00:00,blackrock-usd-institutional-digital-liquidity-fund,1.0
2026-03-21 00:00:00,blackrock-usd-institutional-digital-liquidity-fund,1.0
2026-03-22 00:00:00,blackrock-usd-institutional-digital-liquidity-fund,1.0
2026-03-23 00:00:00,blackrock-usd-institutional-digital-liquidity-fund,1.0
2026-03-24 00:00:00,blackrock-usd-institutional-digital-liquidity-fund,1.0
2026-03-25 00:00:00,blackrock-usd-institutional-digital-liquidity-fund,1.0
2026-03-26 00:00:00,blackrock-usd-institutional-digital-liquidity-fund,1.0
2026-03-27 00:00:00,blackrock-usd-institutional-digital-liquidity-fund,1.0
2026-03-28 00:00:00,blackrock-usd-institutional-digital-liquidity-fund,1.0
2026-03-29 00:00:00,blackrock-usd-institutional-digital-liquidity-fund,1.0
2026-03-30 00:00:00,blackrock-usd-institutional-digital-liquidity-fund,1.0
2026-03-31 00:00:00,blackrock-usd-institutional-digital-liquidity-fund,1.0
2026-04-01 00:00:00,blackrock-usd-institutional-digital-liquidity-fund,1.0
2026-04-02 00:00:00,blackrock-usd-institutional-digital-liquidity-fund,1.0
2026-04-03 00:00:00,blackrock-usd-institutional-digital-liquidity-fund,1.0
2026-04-04 00:00:00,blackrock-usd-institutional-digital-liquidity-fund,1.0
2026-04-05 00:00:00,blackrock-usd-institutional-digital-liquidity-fund,1.0
2026-04-06 00:00:00,blackrock-usd-institutional-digital-liquidity-fund,1.0
2026-04-07 00:00:00,blackrock-usd-institutional-digital-liquidity-fund,1.0
2026-04-08 00:00:00,blackrock-usd-institutional-digital-liquidity-fund,1.0
2026-04-09 00:00:00,blackrock-usd-institutional-digital-liquidity-fund,1.0
2026-04-10 00:00:00,blackrock-usd-institutional-digital-liquidity-fund,1.0
2026-04-11 00:00:00,blackrock-usd-institutional-digital-liquidity-fund,1.0
2026-04-12 00:00:00,blackrock-usd-institutional-digital-liquidity-fund,1.0
2026-04-13 00:00:00,blackrock-usd-institutional-digital-liquidity-fund,1.0
2026-04-14 00:00:00,blackrock-usd-institutional-digital-liquidity-fund,1.0
2026-04-15 00:00:00,blackrock-usd-institutional-digital-liquidity-fund,1.0
2026-04-16 00:00:00,blackrock-usd-institutional-digital-liquidity-fund,1.0
2026-04-17 00:00:00,blackrock-usd-institutional-digital-liquidity-fund,1.0
2026-04-18 00:00:00,blackrock-usd-institutional-digital-liquidity-fund,1.0
2026-04-19 00:00:00,blackrock-usd-institutional-digital-liquidity-fund,1.0
2026-04-20 00:00:00,blackrock-usd-institutional-digital-liquidity-fund,1.0
2026-04-21 00:00:00,blackrock-usd-institutional-digital-liquidity-fund,1.0
2026-04-22 00:00:00,blackrock-usd-institutional-digital-liquidity-fund,1.0
2026-04-23 00:00:00,blackrock-usd-institutional-digital-liquidity-fund,1.0
2026-04-24 00:00:00,blackrock-usd-institutional-digital-liquidity-fund,1.0
2026-04-25 00:00:00,blackrock-usd-institutional-digital-liquidity-fund,1.0
2026-04-26 00:00:00,blackrock-usd-institutional-digital-liquidity-fund,1.0
2026-04-27 00:00:00,blackrock-usd-institutional-digital-liquidity-fund,1.0
2026-04-28 00:00:00,blackrock-usd-institutional-digital-liquidity-fund,1.0
2026-04-29 00:00:00,blackrock-usd-institutional-digital-liquidity-fund,1.0
2026-04-30 00:00:00,blackrock-usd-institutional-digital-liquidity-fund,1.0
2026-05-01 00:00:00,blackrock-usd-institutional-digital-liquidity-fund,1.0
2026-05-02 00:00:00,blackrock-usd-institutional-digital-liquidity-fund,1.0
2026-05-03 00:00:00,blackrock-usd-institutional-digital-liquidity-fund,1.0
2026-05-04 00:00:00,blackrock-usd-institutional-digital-liquidity-fund,1.0
2026-05-05 00:00:00,blackrock-usd-institutional-digital-liquidity-fund,1.0
2026-05-06 00:00:00,blackrock-usd-institutional-digital-liquidity-fund,1.0
2026-05-07 00:00:00,blackrock-usd-institutional-digital-liquidity-fund,1.0
2026-05-08 00:00:00,blackrock-usd-institutional-digital-liquidity-fund,1.0
2026-05-09 00:00:00,blackrock-usd-institutional-digital-liquidity-fund,1.0
2026-05-10 00:00:00,blackrock-usd-institutional-digital-liquidity-fund,1.0
2026-05-11 00:00:00,blackrock-usd-institutional-digital-liquidity-fund,1.0
2026-05-11 08:50:10,blackrock-usd-institutional-digital-liquidity-fund,1.0
2026-01-12 00:00:00,mantle,0.9829888382554102
2026-01-13 00:00:00,mantle,0.9429754117077765
2026-01-14 00:00:00,mantle,0.9873888939267528
2026-01-15 00:00:00,mantle,0.9777706502270302
2026-01-16 00:00:00,mantle,0.963161699846053
2026-01-17 00:00:00,mantle,0.9495746632508902
2026-01-18 00:00:00,mantle,0.9492246035885403
2026-01-19 00:00:00,mantle,0.9497384270212704
2026-01-20 00:00:00,mantle,0.9122156175052
2026-01-21 00:00:00,mantle,0.8707494262004385
2026-01-22 00:00:00,mantle,0.8887030724419674
2026-01-23 00:00:00,mantle,0.882351135213522
2026-01-24 00:00:00,mantle,0.8806398902809649
2026-01-25 00:00:00,mantle,0.9045229381922295
2026-01-26 00:00:00,mantle,0.8475189680219041
2026-01-27 00:00:00,mantle,0.8651927544364206
2026-01-28 00:00:00,mantle,0.8931925954387994
2026-01-29 00:00:00,mantle,0.9190031484670133
2026-01-30 00:00:00,mantle,0.8405495256749456
2026-01-31 00:00:00,mantle,0.7762053743794167
2026-02-01 00:00:00,mantle,0.7309460692700313
2026-02-02 00:00:00,mantle,0.6852334784510857
2026-02-03 00:00:00,mantle,0.7209979476121994
2026-02-04 00:00:00,mantle,0.7082516465462674
2026-02-05 00:00:00,mantle,0.6982171668946386
2026-02-06 00:00:00,mantle,0.6014457843288593
2026-02-07 00:00:00,mantle,0.6471341786138222
2026-02-08 00:00:00,mantle,0.644283761589933
2026-02-09 00:00:00,mantle,0.6424658091292945
2026-02-10 00:00:00,mantle,0.6458501843519181
2026-02-11 00:00:00,mantle,0.6315468836824999
2026-02-12 00:00:00,mantle,0.6156247383715138
2026-02-13 00:00:00,mantle,0.6121241657457694
2026-02-14 00:00:00,mantle,0.6372624526088178
2026-02-15 00:00:00,mantle,0.6644297461877364
2026-02-16 00:00:00,mantle,0.6272172099279674
2026-02-17 00:00:00,mantle,0.6451329915438204
2026-02-18 00:00:00,mantle,0.6334398171350349
2026-02-19 00:00:00,mantle,0.6189705665459417
2026-02-20 00:00:00,mantle,0.6203404525453486
2026-02-21 00:00:00,mantle,0.6302415158069605
2026-02-22 00:00:00,mantle,0.632531007094755
2026-02-23 00:00:00,mantle,0.60442266702607
2026-02-24 00:00:00,mantle,0.5755057883749062
2026-02-25 00:00:00,mantle,0.5907157088584281
2026-02-26 00:00:00,mantle,0.6225887187766657
2026-02-27 00:00:00,mantle,0.639312220715749
2026-02-28 00:00:00,mantle,0.6345859490310853
2026-03-01 00:00:00,mantle,0.6383983181521339
2026-03-02 00:00:00,mantle,0.6364970409963332
2026-03-03 00:00:00,mantle,0.6589730836072466
2026-03-04 00:00:00,mantle,0.690563734132797
2026-03-05 00:00:00,mantle,0.6937860484070648
2026-03-06 00:00:00,mantle,0.7009009352225769
2026-03-07 00:00:00,mantle,0.6838422089775846
2026-03-08 00:00:00,mantle,0.6739045379396825
2026-03-09 00:00:00,mantle,0.6487086824919864
2026-03-10 00:00:00,mantle,0.6688128100944641
2026-03-11 00:00:00,mantle,0.6985552020631187
2026-03-12 00:00:00,mantle,0.69117815496782
2026-03-13 00:00:00,mantle,0.7162922797901224
2026-03-14 00:00:00,mantle,0.7152470191635827
2026-03-15 00:00:00,mantle,0.7979482082236071
2026-03-16 00:00:00,mantle,0.8028352832982436
2026-03-17 00:00:00,mantle,0.8655536026943486
2026-03-18 00:00:00,mantle,0.8377941077973324
2026-03-19 00:00:00,mantle,0.7751407622329872
2026-03-20 00:00:00,mantle,0.7494089189544199
2026-03-21 00:00:00,mantle,0.7517845138498929
2026-03-22 00:00:00,mantle,0.7397881368585055
2026-03-23 00:00:00,mantle,0.7118518215362404
2026-03-24 00:00:00,mantle,0.705086786570447
2026-03-25 00:00:00,mantle,0.7164296642777216
2026-03-26 00:00:00,mantle,0.7391813582242124
2026-03-27 00:00:00,mantle,0.6957980089983613
2026-03-28 00:00:00,mantle,0.6742406822539699
2026-03-29 00:00:00,mantle,0.6720639064353443
2026-03-30 00:00:00,mantle,0.6703856493503471
2026-03-31 00:00:00,mantle,0.6859903423446084
2026-04-01 00:00:00,mantle,0.6963798418402346
2026-04-02 00:00:00,mantle,0.701178748895953
2026-04-03 00:00:00,mantle,0.6721501699326334
2026-04-04 00:00:00,mantle,0.6761980488644423
2026-04-05 00:00:00,mantle,0.6695602199778385
2026-04-06 00:00:00,mantle,0.6708838385666792
2026-04-07 00:00:00,mantle,0.6551963919663577
2026-04-08 00:00:00,mantle,0.6757450354967638
2026-04-09 00:00:00,mantle,0.6583585277169123
2026-04-10 00:00:00,mantle,0.6657854640548065
2026-04-11 00:00:00,mantle,0.6933167837432972
2026-04-12 00:00:00,mantle,0.6809442757445296
2026-04-13 00:00:00,mantle,0.664530712282332
2026-04-14 00:00:00,mantle,0.6829849245320171
2026-04-15 00:00:00,mantle,0.6545277315306679
2026-04-16 00:00:00,mantle,0.6652134349471855
2026-04-17 00:00:00,mantle,0.6729553045507708
2026-04-18 00:00:00,mantle,0.6813271434109135
2026-04-19 00:00:00,mantle,0.6614302241565981
2026-04-20 00:00:00,mantle,0.6216488460157242
2026-04-21 00:00:00,mantle,0.6304361908575129
2026-04-22 00:00:00,mantle,0.6310477361162388
2026-04-23 00:00:00,mantle,0.6448348127504632
2026-04-24 00:00:00,mantle,0.6476784362694739
2026-04-25 00:00:00,mantle,0.6472441052273745
2026-04-26 00:00:00,mantle,0.6589893845758344
2026-04-27 00:00:00,mantle,0.656006911664961
2026-04-28 00:00:00,mantle,0.6370177711020548
2026-04-29 00:00:00,mantle,0.629981488776174
2026-04-30 00:00:00,mantle,0.6246086805725245
2026-05-01 00:00:00,mantle,0.6274604461288982
2026-05-02 00:00:00,mantle,0.6299544152422459
2026-05-03 00:00:00,mantle,0.6308504554685483
2026-05-04 00:00:00,mantle,0.6316739370892669
2026-05-05 00:00:00,mantle,0.6386939199510246
2026-05-06 00:00:00,mantle,0.6452370940568769
2026-05-07 00:00:00,mantle,0.667767620613975
2026-05-08 00:00:00,mantle,0.6617783324847344
2026-05-09 00:00:00,mantle,0.6847799634856389
2026-05-10 00:00:00,mantle,0.6829261756281505
2026-05-11 00:00:00,mantle,0.713550692953707
2026-05-11 08:51:09,mantle,0.7041299202554384
2026-01-12 00:00:00,polkadot,2.0635476834180335
2026-01-13 00:00:00,polkadot,2.051739859760119
2026-01-14 00:00:00,polkadot,2.2763944740613677
2026-01-15 00:00:00,polkadot,2.2265779550898417
2026-01-16 00:00:00,polkadot,2.118232241591044
2026-01-17 00:00:00,polkadot,2.1192172304610803
2026-01-18 00:00:00,polkadot,2.1758382173042454
2026-01-19 00:00:00,polkadot,2.0749855236832584
2026-01-20 00:00:00,polkadot,2.030405874687022
2026-01-21 00:00:00,polkadot,1.896440730647219
2026-01-22 00:00:00,polkadot,1.9466918045055863
2026-01-23 00:00:00,polkadot,1.924196855354934
2026-01-24 00:00:00,polkadot,1.923369897018025
2026-01-25 00:00:00,polkadot,1.9262341539891963
2026-01-26 00:00:00,polkadot,1.8238042092337376
2026-01-27 00:00:00,polkadot,1.874866920666127
2026-01-28 00:00:00,polkadot,1.8767767134529998
2026-01-29 00:00:00,polkadot,1.8696634731534618
2026-01-30 00:00:00,polkadot,1.73289285360758
2026-01-31 00:00:00,polkadot,1.6870692050217877
2026-02-01 00:00:00,polkadot,1.5448808943636814
2026-02-02 00:00:00,polkadot,1.5000838740919824
2026-02-03 00:00:00,polkadot,1.544858234358694
2026-02-04 00:00:00,polkadot,1.4925744481263417
2026-02-05 00:00:00,polkadot,1.4641761867671226
2026-02-06 00:00:00,polkadot,1.2483060546789815
2026-02-07 00:00:00,polkadot,1.366746995727783
2026-02-08 00:00:00,polkadot,1.3736655774491684
2026-02-09 00:00:00,polkadot,1.338852923141552
2026-02-10 00:00:00,polkadot,1.3206021878249927
2026-02-11 00:00:00,polkadot,1.2827053742322307
2026-02-12 00:00:00,polkadot,1.2542921767397184
2026-02-13 00:00:00,polkadot,1.2809655954353187
2026-02-14 00:00:00,polkadot,1.3288416453053582
2026-02-15 00:00:00,polkadot,1.4215815962708278
2026-02-16 00:00:00,polkadot,1.3570071949087488
2026-02-17 00:00:00,polkadot,1.3762481450579371
2026-02-18 00:00:00,polkadot,1.3478884817588765
2026-02-19 00:00:00,polkadot,1.310306477474221
2026-02-20 00:00:00,polkadot,1.2868951891969196
2026-02-21 00:00:00,polkadot,1.3388573886071409
2026-02-22 00:00:00,polkadot,1.3594784317053898
2026-02-23 00:00:00,polkadot,1.3108840848046295
2026-02-24 00:00:00,polkadot,1.265335327771642
2026-02-25 00:00:00,polkadot,1.240147958142359
2026-02-26 00:00:00,polkadot,1.6524027195421058
2026-02-27 00:00:00,polkadot,1.6081063764511554
2026-02-28 00:00:00,polkadot,1.5997422179938154
2026-03-01 00:00:00,polkadot,1.6710431668089671
2026-03-02 00:00:00,polkadot,1.538075099909149
2026-03-03 00:00:00,polkadot,1.510250923839474
2026-03-04 00:00:00,polkadot,1.5320935112854248
2026-03-05 00:00:00,polkadot,1.5428640332810186
2026-03-06 00:00:00,polkadot,1.5317436032278418
2026-03-07 00:00:00,polkadot,1.4879530679754245
2026-03-08 00:00:00,polkadot,1.446934034469975
2026-03-09 00:00:00,polkadot,1.451638088042749
2026-03-10 00:00:00,polkadot,1.49168671921595
2026-03-11 00:00:00,polkadot,1.4856794243806175
2026-03-12 00:00:00,polkadot,1.521658810912698
2026-03-13 00:00:00,polkadot,1.5173628325692914
2026-03-14 00:00:00,polkadot,1.4644018499135854
2026-03-15 00:00:00,polkadot,1.4145001787687685
2026-03-16 00:00:00,polkadot,1.4355127930921112
2026-03-17 00:00:00,polkadot,1.6424856890863022
2026-03-18 00:00:00,polkadot,1.6193349424996466
2026-03-19 00:00:00,polkadot,1.5725127647113013
2026-03-20 00:00:00,polkadot,1.52164513449759
2026-03-21 00:00:00,polkadot,1.5004771787204358
2026-03-22 00:00:00,polkadot,1.4809429887270067
2026-03-23 00:00:00,polkadot,1.411312389333448
2026-03-24 00:00:00,polkadot,1.4177439307743782
2026-03-25 00:00:00,polkadot,1.4013292287721357
2026-03-26 00:00:00,polkadot,1.358603337548843
2026-03-27 00:00:00,polkadot,1.3232395743919947
2026-03-28 00:00:00,polkadot,1.2870558415973934
2026-03-29 00:00:00,polkadot,1.2550098440152906
2026-03-30 00:00:00,polkadot,1.254810218826451
2026-03-31 00:00:00,polkadot,1.2419443577467058
2026-04-01 00:00:00,polkadot,1.2508624858511936
2026-04-02 00:00:00,polkadot,1.2558740234079446
2026-04-03 00:00:00,polkadot,1.236119042306689
2026-04-04 00:00:00,polkadot,1.2367161280872758
2026-04-05 00:00:00,polkadot,1.2505456544968807
2026-04-06 00:00:00,polkadot,1.2433053367759668
2026-04-07 00:00:00,polkadot,1.2438580695536148
2026-04-08 00:00:00,polkadot,1.3257428508757614
2026-04-09 00:00:00,polkadot,1.2678850637088281
2026-04-10 00:00:00,polkadot,1.2996199836155509
2026-04-11 00:00:00,polkadot,1.304577325748573
2026-04-12 00:00:00,polkadot,1.2871524681408846
2026-04-13 00:00:00,polkadot,1.2229495125249379
2026-04-14 00:00:00,polkadot,1.2271318205634711
2026-04-15 00:00:00,polkadot,1.1637901214476039
2026-04-16 00:00:00,polkadot,1.1793586704701249
2026-04-17 00:00:00,polkadot,1.3325156456128329
2026-04-18 00:00:00,polkadot,1.3339960098878814
2026-04-19 00:00:00,polkadot,1.2740098273491847
2026-04-20 00:00:00,polkadot,1.2392882333622472
2026-04-21 00:00:00,polkadot,1.2785913682176862
2026-04-22 00:00:00,polkadot,1.2795201030479546
2026-04-23 00:00:00,polkadot,1.2715227363408266
2026-04-24 00:00:00,polkadot,1.240829442049969
2026-04-25 00:00:00,polkadot,1.2523962379531475
2026-04-26 00:00:00,polkadot,1.2467175250377212
2026-04-27 00:00:00,polkadot,1.2626485173557334
2026-04-28 00:00:00,polkadot,1.2317522827511
2026-04-29 00:00:00,polkadot,1.2283541167695282
2026-04-30 00:00:00,polkadot,1.2115649697683621
2026-05-01 00:00:00,polkadot,1.2041267579563866
2026-05-02 00:00:00,polkadot,1.2029488871062872
2026-05-03 00:00:00,polkadot,1.2276121675382285
2026-05-04 00:00:00,polkadot,1.2100184625912713
2026-05-05 00:00:00,polkadot,1.2277086074309538
2026-05-06 00:00:00,polkadot,1.2790586047981014
2026-05-07 00:00:00,polkadot,1.3167526207115663
2026-05-08 00:00:00,polkadot,1.3092982778131264
2026-05-09 00:00:00,polkadot,1.3704911864410063
2026-05-10 00:00:00,polkadot,1.3454517626249494
2026-05-11 00:00:00,polkadot,1.3848091786734498
2026-05-11 08:51:03,polkadot,1.361891711117257
2026-01-12 00:00:00,pax-gold,4539.234715646005
2026-01-13 00:00:00,pax-gold,4602.770576299094
2026-01-14 00:00:00,pax-gold,4600.280232533454
2026-01-15 00:00:00,pax-gold,4624.80180016814
2026-01-16 00:00:00,pax-gold,4620.174768778233
2026-01-17 00:00:00,pax-gold,4601.642105302969
2026-01-18 00:00:00,pax-gold,4610.439610858468
2026-01-19 00:00:00,pax-gold,4682.325960753164
2026-01-20 00:00:00,pax-gold,4681.930599841509
2026-01-21 00:00:00,pax-gold,4800.816475796943
2026-01-22 00:00:00,pax-gold,4808.528465350099
2026-01-23 00:00:00,pax-gold,4967.957550176696
2026-01-24 00:00:00,pax-gold,5001.523928218324
2026-01-25 00:00:00,pax-gold,5078.446195438534
2026-01-26 00:00:00,pax-gold,5061.613353858085
2026-01-27 00:00:00,pax-gold,5061.074492052811
2026-01-28 00:00:00,pax-gold,5179.713650900526
2026-01-29 00:00:00,pax-gold,5523.223022196824
2026-01-30 00:00:00,pax-gold,5467.639379546262
2026-01-31 00:00:00,pax-gold,4919.601631501132
2026-02-01 00:00:00,pax-gold,4833.532086250709
2026-02-02 00:00:00,pax-gold,4761.29974477964
2026-02-03 00:00:00,pax-gold,4776.983492826211
2026-02-04 00:00:00,pax-gold,4955.988185714208
2026-02-05 00:00:00,pax-gold,5028.853156161436
2026-02-06 00:00:00,pax-gold,4711.380348385933
2026-02-07 00:00:00,pax-gold,4940.883271325589
2026-02-08 00:00:00,pax-gold,4990.571962746313
2026-02-09 00:00:00,pax-gold,5039.817297782008
2026-02-10 00:00:00,pax-gold,5036.466635576001
2026-02-11 00:00:00,pax-gold,5044.104419600555
2026-02-12 00:00:00,pax-gold,5076.523699140038
2026-02-13 00:00:00,pax-gold,4915.716059928172
2026-02-14 00:00:00,pax-gold,5043.459709639856
2026-02-15 00:00:00,pax-gold,5021.713590338864
2026-02-16 00:00:00,pax-gold,5021.301950310576
2026-02-17 00:00:00,pax-gold,4998.062991057837
2026-02-18 00:00:00,pax-gold,4869.415951682506
2026-02-19 00:00:00,pax-gold,4981.435084032238
2026-02-20 00:00:00,pax-gold,5004.710217612872
2026-02-21 00:00:00,pax-gold,5112.662323774259
2026-02-22 00:00:00,pax-gold,5140.577363452396
2026-02-23 00:00:00,pax-gold,5182.572721872747
2026-02-24 00:00:00,pax-gold,5257.006301862337
2026-02-25 00:00:00,pax-gold,5169.681871854463
2026-02-26 00:00:00,pax-gold,5182.768140124605
2026-02-27 00:00:00,pax-gold,5196.548114189211
2026-02-28 00:00:00,pax-gold,5292.890102193618
2026-03-01 00:00:00,pax-gold,5372.902979435991
2026-03-02 00:00:00,pax-gold,5435.477657664918
2026-03-03 00:00:00,pax-gold,5354.771754922431
2026-03-04 00:00:00,pax-gold,5145.302261472839
2026-03-05 00:00:00,pax-gold,5173.778537724423
2026-03-06 00:00:00,pax-gold,5107.603119298661
2026-03-07 00:00:00,pax-gold,5179.0558351153495
2026-03-08 00:00:00,pax-gold,5174.08920785451
2026-03-09 00:00:00,pax-gold,5076.969872080662
2026-03-10 00:00:00,pax-gold,5145.084401896018
2026-03-11 00:00:00,pax-gold,5192.836458566846
2026-03-12 00:00:00,pax-gold,5145.5589380899955
2026-03-13 00:00:00,pax-gold,5109.343283771024
2026-03-14 00:00:00,pax-gold,5029.487305053983
2026-03-15 00:00:00,pax-gold,5021.059113501754
2026-03-16 00:00:00,pax-gold,4974.696060209787
2026-03-17 00:00:00,pax-gold,4999.512404846021
2026-03-18 00:00:00,pax-gold,4994.135840898052
2026-03-19 00:00:00,pax-gold,4826.3358410210785
2026-03-20 00:00:00,pax-gold,4652.791346881827
2026-03-21 00:00:00,pax-gold,4509.353996151575
2026-03-22 00:00:00,pax-gold,4505.421060436329
2026-03-23 00:00:00,pax-gold,4479.651094417348
2026-03-24 00:00:00,pax-gold,4443.42665655121
2026-03-25 00:00:00,pax-gold,4541.693447063311
2026-03-26 00:00:00,pax-gold,4498.142120521939
2026-03-27 00:00:00,pax-gold,4406.692107636917
2026-03-28 00:00:00,pax-gold,4498.88909292995
2026-03-29 00:00:00,pax-gold,4498.842337644844
2026-03-30 00:00:00,pax-gold,4452.087056663632
2026-03-31 00:00:00,pax-gold,4512.52315295734
2026-04-01 00:00:00,pax-gold,4677.958846139179
2026-04-02 00:00:00,pax-gold,4767.728803125345
2026-04-03 00:00:00,pax-gold,4667.9023120730835
2026-04-04 00:00:00,pax-gold,4648.365936378423
2026-04-05 00:00:00,pax-gold,4649.492597548758
2026-04-06 00:00:00,pax-gold,4601.414588912729
2026-04-07 00:00:00,pax-gold,4641.569074691744
2026-04-08 00:00:00,pax-gold,4795.937890094245
2026-04-09 00:00:00,pax-gold,4704.687862692964
2026-04-10 00:00:00,pax-gold,4746.965772432273
2026-04-11 00:00:00,pax-gold,4736.285345225657
2026-04-12 00:00:00,pax-gold,4735.199730736293
2026-04-13 00:00:00,pax-gold,4650.832870792135
2026-04-14 00:00:00,pax-gold,4743.117545670341
2026-04-15 00:00:00,pax-gold,4831.440928384209
2026-04-16 00:00:00,pax-gold,4812.99988980301
2026-04-17 00:00:00,pax-gold,4779.056420801179
2026-04-18 00:00:00,pax-gold,4821.212559648737
2026-04-19 00:00:00,pax-gold,4777.216092334149
2026-04-20 00:00:00,pax-gold,4736.063867681006
2026-04-21 00:00:00,pax-gold,4807.829633848398
2026-04-22 00:00:00,pax-gold,4729.839890575788
2026-04-23 00:00:00,pax-gold,4714.7930150261745
2026-04-24 00:00:00,pax-gold,4689.130188002567
2026-04-25 00:00:00,pax-gold,4697.3249809765
2026-04-26 00:00:00,pax-gold,4693.281356264623
2026-04-27 00:00:00,pax-gold,4674.15092033456
2026-04-28 00:00:00,pax-gold,4683.938887044827
2026-04-29 00:00:00,pax-gold,4584.129231323281
2026-04-30 00:00:00,pax-gold,4551.294403224217
2026-05-01 00:00:00,pax-gold,4619.169734651014
2026-05-02 00:00:00,pax-gold,4603.9770505009765
2026-05-03 00:00:00,pax-gold,4597.476663677653
2026-05-04 00:00:00,pax-gold,4606.699989109208
2026-05-05 00:00:00,pax-gold,4515.479414240444
2026-05-06 00:00:00,pax-gold,4580.978051190451
2026-05-07 00:00:00,pax-gold,4684.253256886758
2026-05-08 00:00:00,pax-gold,4695.850246166642
2026-05-09 00:00:00,pax-gold,4706.7248808200975
2026-05-10 00:00:00,pax-gold,4711.534494379437
2026-05-11 00:00:00,pax-gold,4692.033065968848
2026-05-11 08:51:11,pax-gold,4665.403876202809
2026-01-12 00:00:00,world-liberty-financial,0.16594089230069184
2026-01-13 00:00:00,world-liberty-financial,0.1693846240787145
2026-01-14 00:00:00,world-liberty-financial,0.18041257245470074
2026-01-15 00:00:00,world-liberty-financial,0.17537155978258537
2026-01-16 00:00:00,world-liberty-financial,0.1685976707388136
2026-01-17 00:00:00,world-liberty-financial,0.16921462339718052
2026-01-18 00:00:00,world-liberty-financial,0.16876926713249896
2026-01-19 00:00:00,world-liberty-financial,0.16635832266359624
2026-01-20 00:00:00,world-liberty-financial,0.16549502000367947
2026-01-21 00:00:00,world-liberty-financial,0.1603621659498418
2026-01-22 00:00:00,world-liberty-financial,0.1687896021060454
2026-01-23 00:00:00,world-liberty-financial,0.1698043541190576
2026-01-24 00:00:00,world-liberty-financial,0.17198691968028892
2026-01-25 00:00:00,world-liberty-financial,0.17829794698309726
2026-01-26 00:00:00,world-liberty-financial,0.16563344872484193
2026-01-27 00:00:00,world-liberty-financial,0.15970373360397702
2026-01-28 00:00:00,world-liberty-financial,0.1657572249469982
2026-01-29 00:00:00,world-liberty-financial,0.16416662726868422
2026-01-30 00:00:00,world-liberty-financial,0.1572948043963304
2026-01-31 00:00:00,world-liberty-financial,0.15375232116615897
2026-02-01 00:00:00,world-liberty-financial,0.13251881472518193
2026-02-02 00:00:00,world-liberty-financial,0.13011384409453824
2026-02-03 00:00:00,world-liberty-financial,0.13059241187341747
2026-02-04 00:00:00,world-liberty-financial,0.13472527204693738
2026-02-05 00:00:00,world-liberty-financial,0.1333325186603301
2026-02-06 00:00:00,world-liberty-financial,0.11195091393736592
2026-02-07 00:00:00,world-liberty-financial,0.10747678403843099
2026-02-08 00:00:00,world-liberty-financial,0.10176221515934782
2026-02-09 00:00:00,world-liberty-financial,0.10502966826189929
2026-02-10 00:00:00,world-liberty-financial,0.10930808079189698
2026-02-11 00:00:00,world-liberty-financial,0.10713057535235875
2026-02-12 00:00:00,world-liberty-financial,0.10245328452770992
2026-02-13 00:00:00,world-liberty-financial,0.10690270185396503
2026-02-14 00:00:00,world-liberty-financial,0.10404926789143136
2026-02-15 00:00:00,world-liberty-financial,0.10710994050787609
2026-02-16 00:00:00,world-liberty-financial,0.1010235443207609
2026-02-17 00:00:00,world-liberty-financial,0.10076141874110571
2026-02-18 00:00:00,world-liberty-financial,0.10774960975046798
2026-02-19 00:00:00,world-liberty-financial,0.11649373201003053
2026-02-20 00:00:00,world-liberty-financial,0.11611672693281923
2026-02-21 00:00:00,world-liberty-financial,0.12088783187374566
2026-02-22 00:00:00,world-liberty-financial,0.12047128594209493
2026-02-23 00:00:00,world-liberty-financial,0.1144534494226117
2026-02-24 00:00:00,world-liberty-financial,0.10944981587810353
2026-02-25 00:00:00,world-liberty-financial,0.11190593660238138
2026-02-26 00:00:00,world-liberty-financial,0.11587443526747286
2026-02-27 00:00:00,world-liberty-financial,0.11553774780560855
2026-02-28 00:00:00,world-liberty-financial,0.11090426440356116
2026-03-01 00:00:00,world-liberty-financial,0.11268846799902896
2026-03-02 00:00:00,world-liberty-financial,0.10837120325884772
2026-03-03 00:00:00,world-liberty-financial,0.1068587953482681
2026-03-04 00:00:00,world-liberty-financial,0.10480853113109677
2026-03-05 00:00:00,world-liberty-financial,0.10695656844741012
2026-03-06 00:00:00,world-liberty-financial,0.10286830984759332
2026-03-07 00:00:00,world-liberty-financial,0.09992370425491441
2026-03-08 00:00:00,world-liberty-financial,0.09612082789361763
2026-03-09 00:00:00,world-liberty-financial,0.0976428056342007
2026-03-10 00:00:00,world-liberty-financial,0.10028795676109786
2026-03-11 00:00:00,world-liberty-financial,0.10244830722724885
2026-03-12 00:00:00,world-liberty-financial,0.10115224844492673
2026-03-13 00:00:00,world-liberty-financial,0.10100116741346034
2026-03-14 00:00:00,world-liberty-financial,0.10418867313534566
2026-03-15 00:00:00,world-liberty-financial,0.10433880394282949
2026-03-16 00:00:00,world-liberty-financial,0.10399731666386706
2026-03-17 00:00:00,world-liberty-financial,0.10715756401503934
2026-03-18 00:00:00,world-liberty-financial,0.10238471245514204
2026-03-19 00:00:00,world-liberty-financial,0.09775658835998852
2026-03-20 00:00:00,world-liberty-financial,0.0924539499666558
2026-03-21 00:00:00,world-liberty-financial,0.09339351456431538
2026-03-22 00:00:00,world-liberty-financial,0.09640125680748889
2026-03-23 00:00:00,world-liberty-financial,0.09699335084864946
2026-03-24 00:00:00,world-liberty-financial,0.10400920971527697
2026-03-25 00:00:00,world-liberty-financial,0.10357573377960594
2026-03-26 00:00:00,world-liberty-financial,0.10196217623689079
2026-03-27 00:00:00,world-liberty-financial,0.09832291882584344
2026-03-28 00:00:00,world-liberty-financial,0.09713091965374067
2026-03-29 00:00:00,world-liberty-financial,0.09737300273955127
2026-03-30 00:00:00,world-liberty-financial,0.09759814470824708
2026-03-31 00:00:00,world-liberty-financial,0.09853577964255605
2026-04-01 00:00:00,world-liberty-financial,0.09873075543325562
2026-04-02 00:00:00,world-liberty-financial,0.09969204938310756
2026-04-03 00:00:00,world-liberty-financial,0.09995836546972285
2026-04-04 00:00:00,world-liberty-financial,0.09860097938684606
2026-04-05 00:00:00,world-liberty-financial,0.09841479542702578
2026-04-06 00:00:00,world-liberty-financial,0.09853584915402806
2026-04-07 00:00:00,world-liberty-financial,0.0981780853952134
2026-04-08 00:00:00,world-liberty-financial,0.10080036602156475
2026-04-09 00:00:00,world-liberty-financial,0.09038896391988369
2026-04-10 00:00:00,world-liberty-financial,0.08929420521333709
2026-04-11 00:00:00,world-liberty-financial,0.0809280806431335
2026-04-12 00:00:00,world-liberty-financial,0.0799451322221965
2026-04-13 00:00:00,world-liberty-financial,0.07834463124021357
2026-04-14 00:00:00,world-liberty-financial,0.08160102890024908
2026-04-15 00:00:00,world-liberty-financial,0.080739201298176
2026-04-16 00:00:00,world-liberty-financial,0.0806957459060672
2026-04-17 00:00:00,world-liberty-financial,0.0823824208000563
2026-04-18 00:00:00,world-liberty-financial,0.08104693751134683
2026-04-19 00:00:00,world-liberty-financial,0.07911529473709536
2026-04-20 00:00:00,world-liberty-financial,0.07735163077332681
2026-04-21 00:00:00,world-liberty-financial,0.07833141880612314
2026-04-22 00:00:00,world-liberty-financial,0.07901255222300148
2026-04-23 00:00:00,world-liberty-financial,0.07824758980177933
2026-04-24 00:00:00,world-liberty-financial,0.07768458025859504
2026-04-25 00:00:00,world-liberty-financial,0.07528938380477211
2026-04-26 00:00:00,world-liberty-financial,0.07496751841268669
2026-04-27 00:00:00,world-liberty-financial,0.07515352125430058
2026-04-28 00:00:00,world-liberty-financial,0.07261938536659003
2026-04-29 00:00:00,world-liberty-financial,0.07371897374633654
2026-04-30 00:00:00,world-liberty-financial,0.06321479704651199
2026-05-01 00:00:00,world-liberty-financial,0.060958120415662585
2026-05-02 00:00:00,world-liberty-financial,0.054687531701832194
2026-05-03 00:00:00,world-liberty-financial,0.05555431020630245
2026-05-04 00:00:00,world-liberty-financial,0.05855192143549059
2026-05-05 00:00:00,world-liberty-financial,0.06403101887011044
2026-05-06 00:00:00,world-liberty-financial,0.06538975661935097
2026-05-07 00:00:00,world-liberty-financial,0.06698850929579604
2026-05-08 00:00:00,world-liberty-financial,0.07415405311625947
2026-05-09 00:00:00,world-liberty-financial,0.07521154580234901
2026-05-10 00:00:00,world-liberty-financial,0.06995243048789845
2026-05-11 00:00:00,world-liberty-financial,0.06903920178503589
2026-05-11 08:51:24,world-liberty-financial,0.06787431413783523
2026-01-12 00:00:00,ondo-finance,0.39765787727354446
2026-01-13 00:00:00,ondo-finance,0.38661322143140137
2026-01-14 00:00:00,ondo-finance,0.41478355242548615
2026-01-15 00:00:00,ondo-finance,0.4013387720880866
2026-01-16 00:00:00,ondo-finance,0.3801826413380614
2026-01-17 00:00:00,ondo-finance,0.3837428310219534
2026-01-18 00:00:00,ondo-finance,0.3848974244032454
2026-01-19 00:00:00,ondo-finance,0.35662255394201353
2026-01-20 00:00:00,ondo-finance,0.3482114592265488
2026-01-21 00:00:00,ondo-finance,0.32846070212051687
2026-01-22 00:00:00,ondo-finance,0.3399265364049099
2026-01-23 00:00:00,ondo-finance,0.34101314244998576
2026-01-24 00:00:00,ondo-finance,0.34611550707115335
2026-01-25 00:00:00,ondo-finance,0.3434186739994737
2026-01-26 00:00:00,ondo-finance,0.32254846710894497
2026-01-27 00:00:00,ondo-finance,0.3322082349381993
2026-01-28 00:00:00,ondo-finance,0.34081283644392474
2026-01-29 00:00:00,ondo-finance,0.3458645640381274
2026-01-30 00:00:00,ondo-finance,0.31474732127322014
2026-01-31 00:00:00,ondo-finance,0.3111382044721109
2026-02-01 00:00:00,ondo-finance,0.28725151934378274
2026-02-02 00:00:00,ondo-finance,0.2760193157788244
2026-02-03 00:00:00,ondo-finance,0.284125141887987
2026-02-04 00:00:00,ondo-finance,0.27768422566247947
2026-02-05 00:00:00,ondo-finance,0.2708048463532783
2026-02-06 00:00:00,ondo-finance,0.2255915231494931
2026-02-07 00:00:00,ondo-finance,0.2586183033860384
2026-02-08 00:00:00,ondo-finance,0.2631642137721593
2026-02-09 00:00:00,ondo-finance,0.2583964653649387
2026-02-10 00:00:00,ondo-finance,0.25096215286555756
2026-02-11 00:00:00,ondo-finance,0.24733772529631692
2026-02-12 00:00:00,ondo-finance,0.24082949731316852
2026-02-13 00:00:00,ondo-finance,0.2508086461074666
2026-02-14 00:00:00,ondo-finance,0.26355487347881185
2026-02-15 00:00:00,ondo-finance,0.29456970288603535
2026-02-16 00:00:00,ondo-finance,0.2756234447117628
2026-02-17 00:00:00,ondo-finance,0.27808057447651247
2026-02-18 00:00:00,ondo-finance,0.27472569370595734
2026-02-19 00:00:00,ondo-finance,0.2645817259375761
2026-02-20 00:00:00,ondo-finance,0.26175150388783125
2026-02-21 00:00:00,ondo-finance,0.26744843783348154
2026-02-22 00:00:00,ondo-finance,0.2672501216724541
2026-02-23 00:00:00,ondo-finance,0.26166958821087294
2026-02-24 00:00:00,ondo-finance,0.2482201690929929
2026-02-25 00:00:00,ondo-finance,0.24644932710840173
2026-02-26 00:00:00,ondo-finance,0.2741810842910097
2026-02-27 00:00:00,ondo-finance,0.2661230602065962
2026-02-28 00:00:00,ondo-finance,0.25708834669420777
2026-03-01 00:00:00,ondo-finance,0.26146610060144154
2026-03-02 00:00:00,ondo-finance,0.25214893747186956
2026-03-03 00:00:00,ondo-finance,0.2581197156359207
2026-03-04 00:00:00,ondo-finance,0.25620210326425924
2026-03-05 00:00:00,ondo-finance,0.26936573675342285
2026-03-06 00:00:00,ondo-finance,0.2646588111884535
2026-03-07 00:00:00,ondo-finance,0.25556969986211453
2026-03-08 00:00:00,ondo-finance,0.24880552465413555
2026-03-09 00:00:00,ondo-finance,0.24368314786252654
2026-03-10 00:00:00,ondo-finance,0.2505731002565982
2026-03-11 00:00:00,ondo-finance,0.2548613497824476
2026-03-12 00:00:00,ondo-finance,0.25571578069670503
2026-03-13 00:00:00,ondo-finance,0.2598391308178452
2026-03-14 00:00:00,ondo-finance,0.2631974076494986
2026-03-15 00:00:00,ondo-finance,0.2626202291220277
2026-03-16 00:00:00,ondo-finance,0.269673906098612
2026-03-17 00:00:00,ondo-finance,0.28932435872864
2026-03-18 00:00:00,ondo-finance,0.2811972790909519
2026-03-19 00:00:00,ondo-finance,0.26680231684298267
2026-03-20 00:00:00,ondo-finance,0.25732918575886793
2026-03-21 00:00:00,ondo-finance,0.2603271891796405
2026-03-22 00:00:00,ondo-finance,0.2557543752393663
2026-03-23 00:00:00,ondo-finance,0.245741316384022
2026-03-24 00:00:00,ondo-finance,0.25359136605399607
2026-03-25 00:00:00,ondo-finance,0.2565813669150633
2026-03-26 00:00:00,ondo-finance,0.2652672273744422
2026-03-27 00:00:00,ondo-finance,0.2694790526991137
2026-03-28 00:00:00,ondo-finance,0.26914912940464764
2026-03-29 00:00:00,ondo-finance,0.2681861356401401
2026-03-30 00:00:00,ondo-finance,0.2580198001980552
2026-03-31 00:00:00,ondo-finance,0.2618099691751227
2026-04-01 00:00:00,ondo-finance,0.2725765556609702
2026-04-02 00:00:00,ondo-finance,0.2701263639525851
2026-04-03 00:00:00,ondo-finance,0.25778591615402696
2026-04-04 00:00:00,ondo-finance,0.2592155564052165
2026-04-05 00:00:00,ondo-finance,0.2552734318757217
2026-04-06 00:00:00,ondo-finance,0.2579460483683905
2026-04-07 00:00:00,ondo-finance,0.2560577923153775
2026-04-08 00:00:00,ondo-finance,0.27072128651303556
2026-04-09 00:00:00,ondo-finance,0.2559589547409077
2026-04-10 00:00:00,ondo-finance,0.25514831915210306
2026-04-11 00:00:00,ondo-finance,0.256575675265579
2026-04-12 00:00:00,ondo-finance,0.2564326982366935
2026-04-13 00:00:00,ondo-finance,0.24231175692675153
2026-04-14 00:00:00,ondo-finance,0.25736953675034535
2026-04-15 00:00:00,ondo-finance,0.2511312998866236
2026-04-16 00:00:00,ondo-finance,0.25864215499761
2026-04-17 00:00:00,ondo-finance,0.2697046687421453
2026-04-18 00:00:00,ondo-finance,0.270560878027256
2026-04-19 00:00:00,ondo-finance,0.2591928352380917
2026-04-20 00:00:00,ondo-finance,0.25047087042948496
2026-04-21 00:00:00,ondo-finance,0.2553995198828798
2026-04-22 00:00:00,ondo-finance,0.2578710982135049
2026-04-23 00:00:00,ondo-finance,0.2614865467514847
2026-04-24 00:00:00,ondo-finance,0.2624738808276553
2026-04-25 00:00:00,ondo-finance,0.26216481441755585
2026-04-26 00:00:00,ondo-finance,0.26110787741599745
2026-04-27 00:00:00,ondo-finance,0.26724541031678944
2026-04-28 00:00:00,ondo-finance,0.2651458477323402
2026-04-29 00:00:00,ondo-finance,0.26466156216197656
2026-04-30 00:00:00,ondo-finance,0.26337071072297136
2026-05-01 00:00:00,ondo-finance,0.26237581421272943
2026-05-02 00:00:00,ondo-finance,0.26789745959169786
2026-05-03 00:00:00,ondo-finance,0.2829288378601351
2026-05-04 00:00:00,ondo-finance,0.2875167437951024
2026-05-05 00:00:00,ondo-finance,0.317329243254386
2026-05-06 00:00:00,ondo-finance,0.3222678889877846
2026-05-07 00:00:00,ondo-finance,0.32360328150726847
2026-05-08 00:00:00,ondo-finance,0.3525473014335268
2026-05-09 00:00:00,ondo-finance,0.4515568854801731
2026-05-10 00:00:00,ondo-finance,0.419416753316448
2026-05-11 00:00:00,ondo-finance,0.42610188181829345
2026-05-11 08:51:28,ondo-finance,0.43027705056430593
2026-01-12 00:00:00,near,1.6982754717074078
2026-01-13 00:00:00,near,1.6722555769910974
2026-01-14 00:00:00,near,1.8521312834436383
2026-01-15 00:00:00,near,1.8028820314492067
2026-01-16 00:00:00,near,1.7215179610335498
2026-01-17 00:00:00,near,1.7315791759564596
2026-01-18 00:00:00,near,1.7500560361353263
2026-01-19 00:00:00,near,1.6407690612633739
2026-01-20 00:00:00,near,1.597649973062352
2026-01-21 00:00:00,near,1.5038035586296161
2026-01-22 00:00:00,near,1.5279117115933574
2026-01-23 00:00:00,near,1.5094245834758788
2026-01-24 00:00:00,near,1.5068292203538904
2026-01-25 00:00:00,near,1.5039149663982385
2026-01-26 00:00:00,near,1.4332784908589438
2026-01-27 00:00:00,near,1.4649288340749336
2026-01-28 00:00:00,near,1.4897631606716901
2026-01-29 00:00:00,near,1.4877885225280008
2026-01-30 00:00:00,near,1.3725155249364571
2026-01-31 00:00:00,near,1.3170908664236378
2026-02-01 00:00:00,near,1.203464625161055
2026-02-02 00:00:00,near,1.1739618420288895
2026-02-03 00:00:00,near,1.1987086676543308
2026-02-04 00:00:00,near,1.1723128327046164
2026-02-05 00:00:00,near,1.161549212118946
2026-02-06 00:00:00,near,0.978632500640072
2026-02-07 00:00:00,near,1.0870830158777378
2026-02-08 00:00:00,near,1.0749210874340684
2026-02-09 00:00:00,near,1.0405118696870332
2026-02-10 00:00:00,near,1.0299277328096406
2026-02-11 00:00:00,near,0.9917119521292853
2026-02-12 00:00:00,near,0.960520793921222
2026-02-13 00:00:00,near,0.9619645678105706
2026-02-14 00:00:00,near,1.022092179385249
2026-02-15 00:00:00,near,1.0847016779354015
2026-02-16 00:00:00,near,1.0551168059160534
2026-02-17 00:00:00,near,1.0577361534982244
2026-02-18 00:00:00,near,1.0439640962668697
2026-02-19 00:00:00,near,1.0119897737870849
2026-02-20 00:00:00,near,1.0057010144819059
2026-02-21 00:00:00,near,1.0515421182126192
2026-02-22 00:00:00,near,1.0593201553294107
2026-02-23 00:00:00,near,1.0176183720469572
2026-02-24 00:00:00,near,0.9787556681818605
2026-02-25 00:00:00,near,0.9677355469396403
2026-02-26 00:00:00,near,1.1703972095740003
2026-02-27 00:00:00,near,1.1276107166144957
2026-02-28 00:00:00,near,1.0934270855574928
2026-03-01 00:00:00,near,1.1654853005878476
2026-03-02 00:00:00,near,1.14779790010679
2026-03-03 00:00:00,near,1.3635662841995018
2026-03-04 00:00:00,near,1.3573199554573516
2026-03-05 00:00:00,near,1.3121808672721926
2026-03-06 00:00:00,near,1.2777423733853357
2026-03-07 00:00:00,near,1.2262099893834075
2026-03-08 00:00:00,near,1.2146155994683265
2026-03-09 00:00:00,near,1.2110253632929404
2026-03-10 00:00:00,near,1.2316315546073215
2026-03-11 00:00:00,near,1.2834279485983886
2026-03-12 00:00:00,near,1.2974223620593621
2026-03-13 00:00:00,near,1.3670482485147692
2026-03-14 00:00:00,near,1.3386943284410913
2026-03-15 00:00:00,near,1.3249638630939953
2026-03-16 00:00:00,near,1.3458987156874154
2026-03-17 00:00:00,near,1.4917359659660396
2026-03-18 00:00:00,near,1.4542450641174265
2026-03-19 00:00:00,near,1.3841285039252327
2026-03-20 00:00:00,near,1.3341347311596634
2026-03-21 00:00:00,near,1.3162742627007438
2026-03-22 00:00:00,near,1.294431580076586
2026-03-23 00:00:00,near,1.2753185590604854
2026-03-24 00:00:00,near,1.312205369111608
2026-03-25 00:00:00,near,1.2912713201918153
2026-03-26 00:00:00,near,1.2772840402536025
2026-03-27 00:00:00,near,1.2220927189456956
2026-03-28 00:00:00,near,1.1775709394729585
2026-03-29 00:00:00,near,1.168527393028179
2026-03-30 00:00:00,near,1.1607122148270559
2026-03-31 00:00:00,near,1.16053596063847
2026-04-01 00:00:00,near,1.1853211746533578
2026-04-02 00:00:00,near,1.190201653908015
2026-04-03 00:00:00,near,1.1603774705478405
2026-04-04 00:00:00,near,1.209035905019816
2026-04-05 00:00:00,near,1.2561069809686864
2026-04-06 00:00:00,near,1.2468241567771385
2026-04-07 00:00:00,near,1.2495319490858694
2026-04-08 00:00:00,near,1.3169563587724877
2026-04-09 00:00:00,near,1.3313159503255054
2026-04-10 00:00:00,near,1.3643988293621403
2026-04-11 00:00:00,near,1.3613359958599027
2026-04-12 00:00:00,near,1.4025074046614265
2026-04-13 00:00:00,near,1.3455346171348699
2026-04-14 00:00:00,near,1.415145995735076
2026-04-15 00:00:00,near,1.3578100790179972
2026-04-16 00:00:00,near,1.4074649677475617
2026-04-17 00:00:00,near,1.4330460315972244
2026-04-18 00:00:00,near,1.4086182053190346
2026-04-19 00:00:00,near,1.3448613902157112
2026-04-20 00:00:00,near,1.328131284627894
2026-04-21 00:00:00,near,1.3619815794703698
2026-04-22 00:00:00,near,1.3848539143022933
2026-04-23 00:00:00,near,1.4024003704790156
2026-04-24 00:00:00,near,1.406214645379568
2026-04-25 00:00:00,near,1.4075143092923608
2026-04-26 00:00:00,near,1.4018304705265894
2026-04-27 00:00:00,near,1.3958293958172232
2026-04-28 00:00:00,near,1.3618946386385837
2026-04-29 00:00:00,near,1.34676143728733
2026-04-30 00:00:00,near,1.3254770715879234
2026-05-01 00:00:00,near,1.2966734839270633
2026-05-02 00:00:00,near,1.2871180050114663
2026-05-03 00:00:00,near,1.2967819527608209
2026-05-04 00:00:00,near,1.275319139903571
2026-05-05 00:00:00,near,1.261622213343918
2026-05-06 00:00:00,near,1.2956969984824385
2026-05-07 00:00:00,near,1.4923856077977369
2026-05-08 00:00:00,near,1.4686165496485604
2026-05-09 00:00:00,near,1.5912104571472998
2026-05-10 00:00:00,near,1.5645870412875167
2026-05-11 00:00:00,near,1.5707859198341254
2026-05-11 08:51:27,near,1.5524319429592708
2026-01-12 00:00:00,internet-computer,3.1432526157128824
2026-01-13 00:00:00,internet-computer,3.108990698500879
2026-01-14 00:00:00,internet-computer,3.6003242017107557
2026-01-15 00:00:00,internet-computer,4.558375607745783
2026-01-16 00:00:00,internet-computer,4.25018012381671
2026-01-17 00:00:00,internet-computer,4.174174732662946
2026-01-18 00:00:00,internet-computer,3.973381580233424
2026-01-19 00:00:00,internet-computer,3.9040667102076934
2026-01-20 00:00:00,internet-computer,3.873528927475011
2026-01-21 00:00:00,internet-computer,3.6904842800551654
2026-01-22 00:00:00,internet-computer,3.6309253655070393
2026-01-23 00:00:00,internet-computer,3.583205757617431
2026-01-24 00:00:00,internet-computer,3.473790663602517
2026-01-25 00:00:00,internet-computer,3.4663754223231433
2026-01-26 00:00:00,internet-computer,3.2339297729331906
2026-01-27 00:00:00,internet-computer,3.3381047652192644
2026-01-28 00:00:00,internet-computer,3.298600175514004
2026-01-29 00:00:00,internet-computer,3.208472063890802
2026-01-30 00:00:00,internet-computer,3.0852972865832378
2026-01-31 00:00:00,internet-computer,3.0021313773868785
2026-02-01 00:00:00,internet-computer,2.726111923617491
2026-02-02 00:00:00,internet-computer,2.627663593909818
2026-02-03 00:00:00,internet-computer,2.701666364074706
2026-02-04 00:00:00,internet-computer,2.631374517287981
2026-02-05 00:00:00,internet-computer,2.628570887441012
2026-02-06 00:00:00,internet-computer,2.2477921277715383
2026-02-07 00:00:00,internet-computer,2.5098438591317227
2026-02-08 00:00:00,internet-computer,2.496843660499002
2026-02-09 00:00:00,internet-computer,2.4400956937862275
2026-02-10 00:00:00,internet-computer,2.422227394864054
2026-02-11 00:00:00,internet-computer,2.3973542119065567
2026-02-12 00:00:00,internet-computer,2.3337507246222384
2026-02-13 00:00:00,internet-computer,2.341517802794151
2026-02-14 00:00:00,internet-computer,2.40067048852499
2026-02-15 00:00:00,internet-computer,2.5536624110827053
2026-02-16 00:00:00,internet-computer,2.41481536273784
2026-02-17 00:00:00,internet-computer,2.4143510733780245
2026-02-18 00:00:00,internet-computer,2.380547720417276
2026-02-19 00:00:00,internet-computer,2.2352840256631916
2026-02-20 00:00:00,internet-computer,2.1766645061553755
2026-02-21 00:00:00,internet-computer,2.19942261558082
2026-02-22 00:00:00,internet-computer,2.2057365598585648
2026-02-23 00:00:00,internet-computer,2.1467941238934536
2026-02-24 00:00:00,internet-computer,2.0845334727392855
2026-02-25 00:00:00,internet-computer,2.118455459860851
2026-02-26 00:00:00,internet-computer,2.428796981330271
2026-02-27 00:00:00,internet-computer,2.4316525000191365
2026-02-28 00:00:00,internet-computer,2.5143762839059445
2026-03-01 00:00:00,internet-computer,2.4444187975607
2026-03-02 00:00:00,internet-computer,2.369695746725695
2026-03-03 00:00:00,internet-computer,2.3934673667169832
2026-03-04 00:00:00,internet-computer,2.457724616039421
2026-03-05 00:00:00,internet-computer,2.5164522481963103
2026-03-06 00:00:00,internet-computer,2.5129201954847638
2026-03-07 00:00:00,internet-computer,2.4976653095462256
2026-03-08 00:00:00,internet-computer,2.449455776501986
2026-03-09 00:00:00,internet-computer,2.430623849058444
2026-03-10 00:00:00,internet-computer,2.4526631558357965
2026-03-11 00:00:00,internet-computer,2.38733440082852
2026-03-12 00:00:00,internet-computer,2.6680180945384766
2026-03-13 00:00:00,internet-computer,2.7173911151549817
2026-03-14 00:00:00,internet-computer,2.6143515084029714
2026-03-15 00:00:00,internet-computer,2.6962261170625847
2026-03-16 00:00:00,internet-computer,2.6692702265658763
2026-03-17 00:00:00,internet-computer,2.7678520774251814
2026-03-18 00:00:00,internet-computer,2.6889566767477002
2026-03-19 00:00:00,internet-computer,2.564492637024987
2026-03-20 00:00:00,internet-computer,2.4893842199988345
2026-03-21 00:00:00,internet-computer,2.5082960761038184
2026-03-22 00:00:00,internet-computer,2.466795144995388
2026-03-23 00:00:00,internet-computer,2.345300645297096
2026-03-24 00:00:00,internet-computer,2.4065369939777748
2026-03-25 00:00:00,internet-computer,2.394793621736517
2026-03-26 00:00:00,internet-computer,2.4079904540896244
2026-03-27 00:00:00,internet-computer,2.301410693224292
2026-03-28 00:00:00,internet-computer,2.22229946606811
2026-03-29 00:00:00,internet-computer,2.21888146641528
2026-03-30 00:00:00,internet-computer,2.1958727734375483
2026-03-31 00:00:00,internet-computer,2.242577937555215
2026-04-01 00:00:00,internet-computer,2.301566893866041
2026-04-02 00:00:00,internet-computer,2.2716534356396023
2026-04-03 00:00:00,internet-computer,2.2452073884628927
2026-04-04 00:00:00,internet-computer,2.2844900474663885
2026-04-05 00:00:00,internet-computer,2.2965823588333203
2026-04-06 00:00:00,internet-computer,2.2881857019952743
2026-04-07 00:00:00,internet-computer,2.2951519087914334
2026-04-08 00:00:00,internet-computer,2.464804742587809
2026-04-09 00:00:00,internet-computer,2.4334143009256297
2026-04-10 00:00:00,internet-computer,2.5354046665741836
2026-04-11 00:00:00,internet-computer,2.5539077651271103
2026-04-12 00:00:00,internet-computer,2.5371649642533396
2026-04-13 00:00:00,internet-computer,2.4131874680447334
2026-04-14 00:00:00,internet-computer,2.5191859513856305
2026-04-15 00:00:00,internet-computer,2.4254681255061437
2026-04-16 00:00:00,internet-computer,2.496799605719584
2026-04-17 00:00:00,internet-computer,2.657071544376567
2026-04-18 00:00:00,internet-computer,2.6164467234079414
2026-04-19 00:00:00,internet-computer,2.4950431914572646
2026-04-20 00:00:00,internet-computer,2.409477504040287
2026-04-21 00:00:00,internet-computer,2.459389971598415
2026-04-22 00:00:00,internet-computer,2.4619124550693687
2026-04-23 00:00:00,internet-computer,2.4951822984042367
2026-04-24 00:00:00,internet-computer,2.486611547505012
2026-04-25 00:00:00,internet-computer,2.456345973451352
2026-04-26 00:00:00,internet-computer,2.433645566922832
2026-04-27 00:00:00,internet-computer,2.4478203101133476
2026-04-28 00:00:00,internet-computer,2.422943415176088
2026-04-29 00:00:00,internet-computer,2.3974001680147845
2026-04-30 00:00:00,internet-computer,2.382082766907048
2026-05-01 00:00:00,internet-computer,2.3775546006273403
2026-05-02 00:00:00,internet-computer,2.346528908101861
2026-05-03 00:00:00,internet-computer,2.3598081289291186
2026-05-04 00:00:00,internet-computer,2.3469184728336843
2026-05-05 00:00:00,internet-computer,2.3576973007990403
2026-05-06 00:00:00,internet-computer,2.6604723687474676
2026-05-07 00:00:00,internet-computer,3.2001724765206343
2026-05-08 00:00:00,internet-computer,3.069727570748809
2026-05-09 00:00:00,internet-computer,3.561749988940794
2026-05-10 00:00:00,internet-computer,3.5321981480374287
2026-05-11 00:00:00,internet-computer,3.3738787399327217
2026-05-11 08:51:33,internet-computer,3.3898849107124907
2026-01-12 00:00:00,okb,110.80253157454857
2026-01-13 00:00:00,okb,110.98777984771155
2026-01-14 00:00:00,okb,116.69992707337232
2026-01-15 00:00:00,okb,116.86421979081983
2026-01-16 00:00:00,okb,114.56943838146674
2026-01-17 00:00:00,okb,114.70357702150521
2026-01-18 00:00:00,okb,114.0804078159518
2026-01-19 00:00:00,okb,112.44362061158915
2026-01-20 00:00:00,okb,108.66581684954065
2026-01-21 00:00:00,okb,102.37907039106072
2026-01-22 00:00:00,okb,103.96223749674793
2026-01-23 00:00:00,okb,103.3223517842497
2026-01-24 00:00:00,okb,102.8201814106801
2026-01-25 00:00:00,okb,103.23073617196246
2026-01-26 00:00:00,okb,101.30691746881558
2026-01-27 00:00:00,okb,103.38847678812493
2026-01-28 00:00:00,okb,106.4015144042885
2026-01-29 00:00:00,okb,106.06113183990468
2026-01-30 00:00:00,okb,102.61616093389641
2026-01-31 00:00:00,okb,101.49355106252928
2026-02-01 00:00:00,okb,90.63453172391654
2026-02-02 00:00:00,okb,87.84457373455618
2026-02-03 00:00:00,okb,89.00641708942779
2026-02-04 00:00:00,okb,83.91865998323931
2026-02-05 00:00:00,okb,81.46492352633912
2026-02-06 00:00:00,okb,68.42024063718388
2026-02-07 00:00:00,okb,75.50567843139551
2026-02-08 00:00:00,okb,75.5851079837297
2026-02-09 00:00:00,okb,76.1380054562983
2026-02-10 00:00:00,okb,75.95728259806157
2026-02-11 00:00:00,okb,75.96847977767226
2026-02-12 00:00:00,okb,73.11921218449065
2026-02-13 00:00:00,okb,74.78651262115089
2026-02-14 00:00:00,okb,77.00158031222934
2026-02-15 00:00:00,okb,80.78969719134312
2026-02-16 00:00:00,okb,79.2608045564681
2026-02-17 00:00:00,okb,79.8097374424648
2026-02-18 00:00:00,okb,80.03798591113011
2026-02-19 00:00:00,okb,77.47852344496991
2026-02-20 00:00:00,okb,80.21685844281359
2026-02-21 00:00:00,okb,79.62546157294129
2026-02-22 00:00:00,okb,78.99618364843371
2026-02-23 00:00:00,okb,77.49334895308024
2026-02-24 00:00:00,okb,74.48028260713599
2026-02-25 00:00:00,okb,74.04495332922926
2026-02-26 00:00:00,okb,77.19638827746276
2026-02-27 00:00:00,okb,77.6673813793071
2026-02-28 00:00:00,okb,76.320337972927
2026-03-01 00:00:00,okb,76.93074402865346
2026-03-02 00:00:00,okb,75.81761147920193
2026-03-03 00:00:00,okb,76.81497480760387
2026-03-04 00:00:00,okb,75.96217261932438
2026-03-05 00:00:00,okb,77.62462571237772
2026-03-06 00:00:00,okb,95.9538903654367
2026-03-07 00:00:00,okb,95.49731021433514
2026-03-08 00:00:00,okb,102.41034506699867
2026-03-09 00:00:00,okb,97.61844167881858
2026-03-10 00:00:00,okb,97.00792582481017
2026-03-11 00:00:00,okb,97.41978718748719
2026-03-12 00:00:00,okb,95.12513047484497
2026-03-13 00:00:00,okb,95.29204169214671
2026-03-14 00:00:00,okb,93.60686310611206
2026-03-15 00:00:00,okb,96.8509562015077
2026-03-16 00:00:00,okb,96.78760636479022
2026-03-17 00:00:00,okb,98.04196093586974
2026-03-18 00:00:00,okb,95.12515811611759
2026-03-19 00:00:00,okb,92.27930579076275
2026-03-20 00:00:00,okb,88.71360703300788
2026-03-21 00:00:00,okb,88.8948316039881
2026-03-22 00:00:00,okb,85.82721246076164
2026-03-23 00:00:00,okb,84.34761397147395
2026-03-24 00:00:00,okb,85.72062766711795
2026-03-25 00:00:00,okb,86.31969548911815
2026-03-26 00:00:00,okb,87.01975231348575
2026-03-27 00:00:00,okb,84.8731860324638
2026-03-28 00:00:00,okb,81.89050882297063
2026-03-29 00:00:00,okb,83.44237983963667
2026-03-30 00:00:00,okb,83.39138562561902
2026-03-31 00:00:00,okb,83.8300592668315
2026-04-01 00:00:00,okb,83.93505872452808
2026-04-02 00:00:00,okb,84.06049134844893
2026-04-03 00:00:00,okb,83.24569115639927
2026-04-04 00:00:00,okb,82.50552041442117
2026-04-05 00:00:00,okb,83.08290275176213
2026-04-06 00:00:00,okb,83.25296250262511
2026-04-07 00:00:00,okb,82.31486345554828
2026-04-08 00:00:00,okb,85.17733566997101
2026-04-09 00:00:00,okb,83.3770011733292
2026-04-10 00:00:00,okb,83.37033058726084
2026-04-11 00:00:00,okb,84.93364408733585
2026-04-12 00:00:00,okb,85.4505235993958
2026-04-13 00:00:00,okb,82.46679765190484
2026-04-14 00:00:00,okb,84.83177483411772
2026-04-15 00:00:00,okb,85.03147740974325
2026-04-16 00:00:00,okb,85.52273121174218
2026-04-17 00:00:00,okb,86.93366218016558
2026-04-18 00:00:00,okb,86.53403551553377
2026-04-19 00:00:00,okb,84.17301723747191
2026-04-20 00:00:00,okb,82.54338242836143
2026-04-21 00:00:00,okb,83.41533291106522
2026-04-22 00:00:00,okb,83.90718112802934
2026-04-23 00:00:00,okb,84.03787239720046
2026-04-24 00:00:00,okb,83.96099450045485
2026-04-25 00:00:00,okb,83.73044696182762
2026-04-26 00:00:00,okb,84.29369016433495
2026-04-27 00:00:00,okb,84.63057628515496
2026-04-28 00:00:00,okb,83.66713847161266
2026-04-29 00:00:00,okb,82.77695596322084
2026-04-30 00:00:00,okb,82.3932743528428
2026-05-01 00:00:00,okb,82.39417281955079
2026-05-02 00:00:00,okb,83.070290200058
2026-05-03 00:00:00,okb,84.6836685943534
2026-05-04 00:00:00,okb,85.51838959242464
2026-05-05 00:00:00,okb,85.06515575159254
2026-05-06 00:00:00,okb,85.83952303387458
2026-05-07 00:00:00,okb,87.10794521405262
2026-05-08 00:00:00,okb,85.67228033491891
2026-05-09 00:00:00,okb,87.35485923643365
2026-05-10 00:00:00,okb,87.93484924816173
2026-05-11 00:00:00,okb,89.22938360260888
2026-05-11 08:51:29,okb,87.04246533895476
2026-01-12 00:00:00,pepe,5.791038099448964e-06
2026-01-13 00:00:00,pepe,5.736683840831301e-06
2026-01-14 00:00:00,pepe,6.502503492474549e-06
2026-01-15 00:00:00,pepe,6.248885900503476e-06
2026-01-16 00:00:00,pepe,5.909954038335003e-06
2026-01-17 00:00:00,pepe,5.9215495673576485e-06
2026-01-18 00:00:00,pepe,5.7940013555694576e-06
2026-01-19 00:00:00,pepe,5.4816453498113155e-06
2026-01-20 00:00:00,pepe,5.2789092309693684e-06
2026-01-21 00:00:00,pepe,4.993940822422381e-06
2026-01-22 00:00:00,pepe,5.141363918784172e-06
2026-01-23 00:00:00,pepe,4.9428303019713995e-06
2026-01-24 00:00:00,pepe,5.020750420331719e-06
2026-01-25 00:00:00,pepe,4.997093483826932e-06
2026-01-26 00:00:00,pepe,4.714112557861865e-06
2026-01-27 00:00:00,pepe,5.010049558435215e-06
2026-01-28 00:00:00,pepe,5.023577484740088e-06
2026-01-29 00:00:00,pepe,4.983674076434934e-06
2026-01-30 00:00:00,pepe,4.726123568895504e-06
2026-01-31 00:00:00,pepe,4.624469681651956e-06
2026-02-01 00:00:00,pepe,4.140228217824501e-06
2026-02-02 00:00:00,pepe,4.174091270019983e-06
2026-02-03 00:00:00,pepe,4.254754042736767e-06
2026-02-04 00:00:00,pepe,4.118571755969121e-06
2026-02-05 00:00:00,pepe,4.216797493376098e-06
2026-02-06 00:00:00,pepe,3.417708415798803e-06
2026-02-07 00:00:00,pepe,3.921840976530126e-06
2026-02-08 00:00:00,pepe,3.860682112996778e-06
2026-02-09 00:00:00,pepe,3.7786442862080457e-06
2026-02-10 00:00:00,pepe,3.818184999669542e-06
2026-02-11 00:00:00,pepe,3.649468236786075e-06
2026-02-12 00:00:00,pepe,3.560621044102077e-06
2026-02-13 00:00:00,pepe,3.7191763770620296e-06
2026-02-14 00:00:00,pepe,3.792552224225514e-06
2026-02-15 00:00:00,pepe,4.844816502253934e-06
2026-02-16 00:00:00,pepe,4.442836993904728e-06
2026-02-17 00:00:00,pepe,4.484627990680509e-06
2026-02-18 00:00:00,pepe,4.394985424682529e-06
2026-02-19 00:00:00,pepe,4.226961374193486e-06
2026-02-20 00:00:00,pepe,4.227584297438853e-06
2026-02-21 00:00:00,pepe,4.256536415714248e-06
2026-02-22 00:00:00,pepe,4.154820631960087e-06
2026-02-23 00:00:00,pepe,4.030295122818958e-06
2026-02-24 00:00:00,pepe,3.96301688903041e-06
2026-02-25 00:00:00,pepe,3.947295660002674e-06
2026-02-26 00:00:00,pepe,4.112297613622582e-06
2026-02-27 00:00:00,pepe,3.825356505959531e-06
2026-02-28 00:00:00,pepe,3.6810789290780354e-06
2026-03-01 00:00:00,pepe,3.6597662940548005e-06
2026-03-02 00:00:00,pepe,3.4494976339062566e-06
2026-03-03 00:00:00,pepe,3.5156152035075333e-06
2026-03-04 00:00:00,pepe,3.4631389782113026e-06
2026-03-05 00:00:00,pepe,3.656563950812194e-06
2026-03-06 00:00:00,pepe,3.4745338940180345e-06
2026-03-07 00:00:00,pepe,3.390384985274074e-06
2026-03-08 00:00:00,pepe,3.2452491766865934e-06
2026-03-09 00:00:00,pepe,3.180525707992284e-06
2026-03-10 00:00:00,pepe,3.257017673535351e-06
2026-03-11 00:00:00,pepe,3.298048706569958e-06
2026-03-12 00:00:00,pepe,3.335210842814725e-06
2026-03-13 00:00:00,pepe,3.3554590075871623e-06
2026-03-14 00:00:00,pepe,3.363410141653701e-06
2026-03-15 00:00:00,pepe,3.3568248693237615e-06
2026-03-16 00:00:00,pepe,3.4417902442314246e-06
2026-03-17 00:00:00,pepe,4.019888812916236e-06
2026-03-18 00:00:00,pepe,3.6649513174434768e-06
2026-03-19 00:00:00,pepe,3.520001156060025e-06
2026-03-20 00:00:00,pepe,3.4066939585756116e-06
2026-03-21 00:00:00,pepe,3.4174096433831545e-06
2026-03-22 00:00:00,pepe,3.358892670227345e-06
2026-03-23 00:00:00,pepe,3.281070167724692e-06
2026-03-24 00:00:00,pepe,3.4466879140213346e-06
2026-03-25 00:00:00,pepe,3.528871586545352e-06
2026-03-26 00:00:00,pepe,3.5292181493489036e-06
2026-03-27 00:00:00,pepe,3.4134196923809404e-06
2026-03-28 00:00:00,pepe,3.2771506598500234e-06
2026-03-29 00:00:00,pepe,3.2842488501654406e-06
2026-03-30 00:00:00,pepe,3.2689902829662504e-06
2026-03-31 00:00:00,pepe,3.3116568003156765e-06
2026-04-01 00:00:00,pepe,3.393870689465297e-06
2026-04-02 00:00:00,pepe,3.4027907864706565e-06
2026-04-03 00:00:00,pepe,3.33351542015239e-06
2026-04-04 00:00:00,pepe,3.414672445791964e-06
2026-04-05 00:00:00,pepe,3.399647638513375e-06
2026-04-06 00:00:00,pepe,3.4672909956717156e-06
2026-04-07 00:00:00,pepe,3.323721469891964e-06
2026-04-08 00:00:00,pepe,3.7379931519679637e-06
2026-04-09 00:00:00,pepe,3.536543625432761e-06
2026-04-10 00:00:00,pepe,3.5072714776980556e-06
2026-04-11 00:00:00,pepe,3.6269330660897023e-06
2026-04-12 00:00:00,pepe,3.638105598302433e-06
2026-04-13 00:00:00,pepe,3.463797863455957e-06
2026-04-14 00:00:00,pepe,3.731292903186701e-06
2026-04-15 00:00:00,pepe,3.572599247346132e-06
2026-04-16 00:00:00,pepe,3.7236966324957193e-06
2026-04-17 00:00:00,pepe,3.9760721032420075e-06
2026-04-18 00:00:00,pepe,3.969427292297573e-06
2026-04-19 00:00:00,pepe,3.7833542683556774e-06
2026-04-20 00:00:00,pepe,3.6460673548820866e-06
2026-04-21 00:00:00,pepe,3.755136078900907e-06
2026-04-22 00:00:00,pepe,3.814402878503362e-06
2026-04-23 00:00:00,pepe,3.7981110715636023e-06
2026-04-24 00:00:00,pepe,3.833004621262562e-06
2026-04-25 00:00:00,pepe,3.862607655430438e-06
2026-04-26 00:00:00,pepe,3.856590261694712e-06
2026-04-27 00:00:00,pepe,3.902467778248847e-06
2026-04-28 00:00:00,pepe,3.899721091942163e-06
2026-04-29 00:00:00,pepe,3.878819683198291e-06
2026-04-30 00:00:00,pepe,3.854599963547561e-06
2026-05-01 00:00:00,pepe,3.875965645569898e-06
2026-05-02 00:00:00,pepe,3.934254519009523e-06
2026-05-03 00:00:00,pepe,3.993193334197646e-06
2026-05-04 00:00:00,pepe,3.945199648878467e-06
2026-05-05 00:00:00,pepe,3.9847059462409245e-06
2026-05-06 00:00:00,pepe,4.111267316323931e-06
2026-05-07 00:00:00,pepe,4.157037302188249e-06
2026-05-08 00:00:00,pepe,4.158833374893442e-06
2026-05-09 00:00:00,pepe,4.309653675173747e-06
2026-05-10 00:00:00,pepe,4.2448461797168265e-06
2026-05-11 00:00:00,pepe,4.414784581493398e-06
2026-05-11 08:51:28,pepe,4.327660236687648e-06
2026-01-12 00:00:00,sky,0.058748628674504144
2026-01-13 00:00:00,sky,0.05569320486476052
2026-01-14 00:00:00,sky,0.0591053363370528
2026-01-15 00:00:00,sky,0.059810007006116855
2026-01-16 00:00:00,sky,0.05988999000659353
2026-01-17 00:00:00,sky,0.06471899604026275
2026-01-18 00:00:00,sky,0.06411433705325373
2026-01-19 00:00:00,sky,0.06391781303339522
2026-01-20 00:00:00,sky,0.06423673168416306
2026-01-21 00:00:00,sky,0.0631289523059098
2026-01-22 00:00:00,sky,0.06431920826677529
2026-01-23 00:00:00,sky,0.06717875420641216
2026-01-24 00:00:00,sky,0.06653544264199042
2026-01-25 00:00:00,sky,0.06659365442187966
2026-01-26 00:00:00,sky,0.06396951329975574
2026-01-27 00:00:00,sky,0.06486889366871088
2026-01-28 00:00:00,sky,0.06362425819744465
2026-01-29 00:00:00,sky,0.06731533340282458
2026-01-30 00:00:00,sky,0.06489183029491866
2026-01-31 00:00:00,sky,0.06440263365124395
2026-02-01 00:00:00,sky,0.060756915627646096
2026-02-02 00:00:00,sky,0.06124095924417706
2026-02-03 00:00:00,sky,0.06289121362916832
2026-02-04 00:00:00,sky,0.06128972638456714
2026-02-05 00:00:00,sky,0.06120996079379465
2026-02-06 00:00:00,sky,0.0560732780001983
2026-02-07 00:00:00,sky,0.06371893307925394
2026-02-08 00:00:00,sky,0.06484081685568861
2026-02-09 00:00:00,sky,0.06781147644610633
2026-02-10 00:00:00,sky,0.06947751339636069
2026-02-11 00:00:00,sky,0.06877143706458513
2026-02-12 00:00:00,sky,0.06569471752710118
2026-02-13 00:00:00,sky,0.06668302669346142
2026-02-14 00:00:00,sky,0.06895864918387899
2026-02-15 00:00:00,sky,0.07044621813827659
2026-02-16 00:00:00,sky,0.06653670299538918
2026-02-17 00:00:00,sky,0.06695657561791653
2026-02-18 00:00:00,sky,0.06305295408586614
2026-02-19 00:00:00,sky,0.06639503087787617
2026-02-20 00:00:00,sky,0.06404963829187366
2026-02-21 00:00:00,sky,0.0645243742832433
2026-02-22 00:00:00,sky,0.06427934480367875
2026-02-23 00:00:00,sky,0.06416639541635716
2026-02-24 00:00:00,sky,0.06291456863869317
2026-02-25 00:00:00,sky,0.06599616469580952
2026-02-26 00:00:00,sky,0.06874432613371818
2026-02-27 00:00:00,sky,0.06914877858371953
2026-02-28 00:00:00,sky,0.06715878672260223
2026-03-01 00:00:00,sky,0.06805695897520422
2026-03-02 00:00:00,sky,0.06684839826016939
2026-03-03 00:00:00,sky,0.07086144074231043
2026-03-04 00:00:00,sky,0.07123723892223881
2026-03-05 00:00:00,sky,0.07627264143961972
2026-03-06 00:00:00,sky,0.07623266265298195
2026-03-07 00:00:00,sky,0.0709034223198547
2026-03-08 00:00:00,sky,0.07190992011802536
2026-03-09 00:00:00,sky,0.07222201219224457
2026-03-10 00:00:00,sky,0.07541569754229303
2026-03-11 00:00:00,sky,0.07802650947817397
2026-03-12 00:00:00,sky,0.07942320056398411
2026-03-13 00:00:00,sky,0.08120263863814296
2026-03-14 00:00:00,sky,0.07890322705386485
2026-03-15 00:00:00,sky,0.0727476414667984
2026-03-16 00:00:00,sky,0.07332364419099606
2026-03-17 00:00:00,sky,0.07542298135565939
2026-03-18 00:00:00,sky,0.07368274750118572
2026-03-19 00:00:00,sky,0.07217893629044482
2026-03-20 00:00:00,sky,0.07135890821428284
2026-03-21 00:00:00,sky,0.07383213163625918
2026-03-22 00:00:00,sky,0.07652375354154642
2026-03-23 00:00:00,sky,0.07094880315817301
2026-03-24 00:00:00,sky,0.07331721030293635
2026-03-25 00:00:00,sky,0.07150563728596095
2026-03-26 00:00:00,sky,0.07309354373001456
2026-03-27 00:00:00,sky,0.0705939207981811
2026-03-28 00:00:00,sky,0.06976607743210142
2026-03-29 00:00:00,sky,0.07019820810968289
2026-03-30 00:00:00,sky,0.07147303549870078
2026-03-31 00:00:00,sky,0.07341715332600177
2026-04-01 00:00:00,sky,0.07427767641927314
2026-04-02 00:00:00,sky,0.07688313353154358
2026-04-03 00:00:00,sky,0.07480690493140255
2026-04-04 00:00:00,sky,0.07453239065956434
2026-04-05 00:00:00,sky,0.07411188364383194
2026-04-06 00:00:00,sky,0.07415733723076294
2026-04-07 00:00:00,sky,0.07735749901558563
2026-04-08 00:00:00,sky,0.07827419562447487
2026-04-09 00:00:00,sky,0.0763391497573122
2026-04-10 00:00:00,sky,0.07817699059316376
2026-04-11 00:00:00,sky,0.0782347202393543
2026-04-12 00:00:00,sky,0.07675891529807002
2026-04-13 00:00:00,sky,0.0730362483853435
2026-04-14 00:00:00,sky,0.07587475116677492
2026-04-15 00:00:00,sky,0.0745887013744921
2026-04-16 00:00:00,sky,0.07515143953931207
2026-04-17 00:00:00,sky,0.0769120600943963
2026-04-18 00:00:00,sky,0.07835438281947242
2026-04-19 00:00:00,sky,0.07640009093239387
2026-04-20 00:00:00,sky,0.07546170614929895
2026-04-21 00:00:00,sky,0.07849961963764773
2026-04-22 00:00:00,sky,0.07984011500817759
2026-04-23 00:00:00,sky,0.08312345440212962
2026-04-24 00:00:00,sky,0.08537844470559577
2026-04-25 00:00:00,sky,0.08442009971120999
2026-04-26 00:00:00,sky,0.08488171701621304
2026-04-27 00:00:00,sky,0.088388107465987
2026-04-28 00:00:00,sky,0.08962168427842965
2026-04-29 00:00:00,sky,0.08610289736568111
2026-04-30 00:00:00,sky,0.08163809772129865
2026-05-01 00:00:00,sky,0.07973186425413946
2026-05-02 00:00:00,sky,0.0808529895794328
2026-05-03 00:00:00,sky,0.08092597395758702
2026-05-04 00:00:00,sky,0.07993710846846841
2026-05-05 00:00:00,sky,0.080510216865215
2026-05-06 00:00:00,sky,0.0794743644551637
2026-05-07 00:00:00,sky,0.079946907813758
2026-05-08 00:00:00,sky,0.08018904063424556
2026-05-09 00:00:00,sky,0.08181925767614234
2026-05-10 00:00:00,sky,0.07952169159642927
2026-05-11 00:00:00,sky,0.0788706180506292
2026-05-11 08:51:35,sky,0.07818519368057275
